#PDBchain1	PDBchain2	TM1	TM2	RMSD	ID1	ID2	IDali	L1	L2	Lali
./SNS94337.1_1945885.pdb	./AAR26729.1_89184.pdb	0.8204	0.9264	1.76	0.406	0.461	0.467	293	258	255
./SDZ26242.1_1503961.pdb	./AAR26729.1_89184.pdb	0.8047	0.8647	2.31	0.262	0.283	0.292	279	258	250
./AQA09563.1_75293.pdb	./AAR26729.1_89184.pdb	0.6499	0.7587	3.19	0.240	0.287	0.311	308	258	238
./SDK50424.1_658219.pdb	./AAR26729.1_89184.pdb	0.7964	0.8783	2.31	0.286	0.318	0.323	287	258	254
./AVF03872.1_2083786.pdb	./AAR26729.1_89184.pdb	0.9127	0.9331	1.55	0.500	0.512	0.520	264	258	254
./PVA07741.1_2170577.pdb	./AAR26729.1_89184.pdb	0.9601	0.9786	0.47	0.662	0.674	0.685	263	258	254
./RKS08233.1_2183912.pdb	./AAR26729.1_89184.pdb	0.8015	0.8789	2.42	0.326	0.360	0.366	285	258	254
./SEK00500.1_301.pdb	./AAR26729.1_89184.pdb	0.8855	0.9285	1.58	0.387	0.407	0.417	271	258	252
./SDX53929.1_356660.pdb	./AAR26729.1_89184.pdb	0.8906	0.9373	1.43	0.463	0.488	0.498	272	258	253
./ATD00292.1_1117319.pdb	./AAR26729.1_89184.pdb	0.8611	0.8832	2.42	0.449	0.461	0.476	265	258	250
./SMD00117.1_937218.pdb	./AAR26729.1_89184.pdb	0.9266	0.9510	1.24	0.517	0.531	0.539	265	258	254
./PFG45445.1_1761909.pdb	./AAR26729.1_89184.pdb	0.7723	0.7749	3.21	0.178	0.178	0.190	259	258	242
./SFM81397.1_455193.pdb	./AAR26729.1_89184.pdb	0.9080	0.9450	1.47	0.435	0.453	0.455	269	258	257
./SDY92462.1_137265.pdb	./AAR26729.1_89184.pdb	0.6473	0.7390	3.52	0.266	0.310	0.336	301	258	238
./SHI43049.1_1447782.pdb	./AAR26729.1_89184.pdb	0.9238	0.9517	1.49	0.632	0.651	0.659	266	258	255
./RKE00356.1_53366.pdb	./AAR26729.1_89184.pdb	0.6010	0.6770	4.17	0.212	0.244	0.274	297	258	230
./PAV31565.1_2024555.pdb	./AAR26729.1_89184.pdb	0.8942	0.9072	2.00	0.359	0.364	0.369	262	258	255
./SCX09932.1_1855377.pdb	./AAR26729.1_89184.pdb	0.6444	0.7524	2.79	0.212	0.252	0.285	307	258	228
./SDY58078.1_418495.pdb	./AAR26729.1_89184.pdb	0.9233	0.9335	1.55	0.464	0.469	0.473	261	258	256
./EAQ03393.1_252305.pdb	./AAR26729.1_89184.pdb	0.9560	0.9668	1.14	0.663	0.671	0.671	261	258	258
./KZM51445.1_1561204.pdb	./AAR26729.1_89184.pdb	0.8936	0.9201	1.95	0.481	0.496	0.504	266	258	254
./SDW73953.1_670155.pdb	./AAR26729.1_89184.pdb	0.9590	0.9553	1.10	0.611	0.609	0.618	257	258	254
./KIN65611.1_1342302.pdb	./AAR26729.1_89184.pdb	0.9486	0.9521	1.60	0.641	0.643	0.643	259	258	258
./SEE12959.1_680197.pdb	./AAR26729.1_89184.pdb	0.8834	0.9261	1.88	0.450	0.473	0.480	271	258	254
./ATC97557.1_1117319.pdb	./AAR26729.1_89184.pdb	0.7131	0.7375	3.87	0.283	0.295	0.300	269	258	253
./AAR26729.1_89184.pdb	./SFS97007.1_95161.pdb	0.9246	0.8578	1.65	0.450	0.416	0.458	258	279	253
./AAR26729.1_89184.pdb	./OXT00698.1_1876515.pdb	0.9393	0.8143	1.53	0.457	0.395	0.465	258	299	254
./AAR26729.1_89184.pdb	./SIS86274.1_714067.pdb	0.9196	0.8315	1.74	0.376	0.338	0.380	258	287	255
./AAR26729.1_89184.pdb	./SBT69040.1_946078.pdb	0.7367	0.6190	3.37	0.267	0.219	0.295	258	315	234
./AAR26729.1_89184.pdb	./GAC33738.1_1129793.pdb	0.7404	0.6845	3.85	0.283	0.257	0.289	258	284	253
./AAR26729.1_89184.pdb	./AHF01380.1_717772.pdb	0.9158	0.8682	2.08	0.496	0.469	0.496	258	273	258
./AAR26729.1_89184.pdb	./SDY81633.1_576131.pdb	0.9402	0.9263	1.60	0.550	0.542	0.559	258	262	254
./AAR26729.1_89184.pdb	./TWJ25310.1_230091.pdb	0.6975	0.6655	2.91	0.275	0.261	0.336	258	272	211
./AAR26729.1_89184.pdb	./SFF24230.1_1003.pdb	0.8117	0.6611	2.64	0.291	0.233	0.316	258	322	237
./AAR26729.1_89184.pdb	./AHD02601.1_999552.pdb	0.9361	0.8991	1.53	0.620	0.595	0.630	258	269	254
./AAR26729.1_89184.pdb	./SDK28984.1_407036.pdb	0.8970	0.8844	2.06	0.380	0.374	0.384	258	262	255
./AAR26729.1_89184.pdb	./SET54658.1_364199.pdb	0.9878	0.9803	0.75	0.698	0.692	0.698	258	260	258
./AAR26729.1_89184.pdb	./KPQ18391.1_1666917.pdb	0.9502	0.9360	1.07	0.671	0.660	0.687	258	262	252
./AAR26729.1_89184.pdb	./PTX65019.1_1242148.pdb	0.8859	0.8859	2.27	0.322	0.322	0.329	258	258	252
./AAR26729.1_89184.pdb	./SMR82228.1_985055.pdb	0.9762	0.9470	0.56	0.682	0.662	0.693	258	266	254
./AAR26729.1_89184.pdb	./SHH21626.1_411959.pdb	0.9030	0.8933	1.99	0.384	0.379	0.390	258	261	254
./AAR26729.1_89184.pdb	./KAF0124513.1_2030800.pdb	0.9142	0.8754	1.93	0.426	0.407	0.435	258	270	253
./AAR26729.1_89184.pdb	./SHF69618.1_494016.pdb	0.8212	0.7441	2.48	0.360	0.324	0.392	258	287	237
./AAR26729.1_89184.pdb	./SDG37248.1_440168.pdb	0.9290	0.9120	1.77	0.469	0.460	0.476	258	263	254
./AAR26729.1_89184.pdb	./SDJ38984.1_504798.pdb	0.9313	0.8945	1.60	0.380	0.364	0.387	258	269	253
./AAR26729.1_89184.pdb	./SMF06792.1_1304903.pdb	0.9164	0.8837	2.02	0.457	0.440	0.465	258	268	254
./AAR26729.1_89184.pdb	./KQB95219.1_1700845.pdb	0.9919	0.9843	0.39	0.674	0.669	0.677	258	260	257
./AAR26729.1_89184.pdb	./SEP73801.1_543360.pdb	0.8851	0.8447	2.66	0.430	0.410	0.437	258	271	254
./AAR26729.1_89184.pdb	./SEL90799.1_1379903.pdb	0.9274	0.9309	1.86	0.539	0.541	0.547	258	257	254
./AAR26729.1_89184.pdb	./PZX31387.1_696762.pdb	0.9943	0.9755	0.46	0.702	0.688	0.702	258	263	258
./AAR26729.1_89184.pdb	./KEP67894.1_1185766.pdb	0.9416	0.9523	1.58	0.593	0.600	0.602	258	255	254
./AAR26729.1_89184.pdb	./SDK71178.1_380244.pdb	0.6870	0.6959	4.03	0.248	0.252	0.272	258	254	235
./AAR26729.1_89184.pdb	./SCE63633.1_307119.pdb	0.7484	0.6444	3.48	0.279	0.235	0.304	258	306	237
./AAR26729.1_89184.pdb	./OEH53041.1_1742575.pdb	0.8936	0.8809	2.13	0.345	0.340	0.349	258	262	255
./AAR26729.1_89184.pdb	./RAJ75374.1_1305830.pdb	0.7436	0.6260	3.29	0.260	0.213	0.282	258	315	238
./AAR26729.1_89184.pdb	./KPQ29253.1_1305731.pdb	0.7420	0.7086	3.79	0.287	0.271	0.292	258	273	253
./AAR26729.1_89184.pdb	./SDQ83461.1_1798213.pdb	0.9353	0.9114	1.67	0.461	0.449	0.469	258	265	254
./AAR26729.1_89184.pdb	./KUJ77374.1_1685378.pdb	0.9711	0.9602	1.06	0.791	0.782	0.791	258	261	258
./AAR26729.1_89184.pdb	./SEJ46021.1_42444.pdb	0.9595	0.9631	1.15	0.686	0.689	0.691	258	257	256
./AAR26729.1_89184.pdb	./APX89847.1_1267768.pdb	0.9712	0.9825	0.87	0.624	0.631	0.634	258	255	254
./AAR26729.1_89184.pdb	./KGM10671.1_1386082.pdb	0.9498	0.8425	1.78	0.508	0.449	0.508	258	292	258
./AAR26729.1_89184.pdb	./KOX30185.1_1519496.pdb	0.7430	0.6172	3.43	0.275	0.222	0.297	258	320	239
./AAR26729.1_89184.pdb	./PRX13829.1_113567.pdb	0.7590	0.6879	3.52	0.271	0.242	0.289	258	289	242
./AAR26729.1_89184.pdb	./TWE14701.1_588067.pdb	0.9332	0.8930	1.61	0.403	0.385	0.411	258	270	253
./AAR26729.1_89184.pdb	./RKE96910.1_74349.pdb	0.9919	0.9378	0.55	0.671	0.634	0.671	258	273	258
./AAR26729.1_89184.pdb	./TCP56610.1_1262583.pdb	0.9146	0.8820	1.91	0.422	0.407	0.431	258	268	253
./AAR26729.1_89184.pdb	./TQM75724.1_103836.pdb	0.9036	0.7906	1.90	0.415	0.360	0.426	258	297	251
./AAR26729.1_89184.pdb	./SMP26189.1_76305.pdb	0.9091	0.8927	2.10	0.516	0.506	0.524	258	263	254
./AAR26729.1_89184.pdb	./GAC30001.1_1121922.pdb	0.7069	0.6900	4.20	0.283	0.274	0.287	258	266	254
./AAR26729.1_89184.pdb	./SHH09860.1_1508389.pdb	0.9606	0.9716	0.97	0.694	0.702	0.705	258	255	254
./AAR26729.1_89184.pdb	./SDW12975.1_488533.pdb	0.7474	0.7118	3.69	0.267	0.252	0.272	258	274	254
./AAR26729.1_89184.pdb	./KPP92336.1_1666912.pdb	0.9835	0.9835	0.42	0.686	0.686	0.694	258	258	255
./AAR26729.1_89184.pdb	./PWJ07856.1_2201153.pdb	0.6922	0.5712	3.86	0.267	0.213	0.296	258	324	233
./AAR26729.1_89184.pdb	./RAI23207.1_34017.pdb	0.9197	0.8805	1.94	0.484	0.463	0.492	258	270	254
./AAR26729.1_89184.pdb	./RXV66995.1_2109331.pdb	0.9840	0.9340	0.77	0.671	0.636	0.671	258	272	258
./AAR26729.1_89184.pdb	./SFT96078.1_258256.pdb	0.9231	0.8900	1.87	0.442	0.425	0.449	258	268	254
./AAR26729.1_89184.pdb	./RZS50135.1_1333996.pdb	0.8950	0.8094	2.38	0.426	0.383	0.433	258	287	254
./AAR26729.1_89184.pdb	./POG45426.1_1933029.pdb	0.7198	0.5961	3.50	0.291	0.234	0.323	258	321	232
./AAR26729.1_89184.pdb	./SEM11527.1_438744.pdb	0.7258	0.6696	3.92	0.302	0.273	0.304	258	286	257
./AAR26729.1_89184.pdb	./TDY00552.1_381308.pdb	0.8992	0.8021	2.35	0.496	0.440	0.504	258	291	254
./AAR26729.1_89184.pdb	./KPQ11009.1_1653334.pdb	0.9226	0.8713	1.72	0.496	0.467	0.504	258	274	254
./AAR26729.1_89184.pdb	./GAE28115.1_1236970.pdb	0.8674	0.8179	2.30	0.267	0.251	0.276	258	275	250
./AAR26729.1_89184.pdb	./SFT72885.1_570156.pdb	0.7289	0.7049	3.81	0.244	0.234	0.251	258	269	251
./AAR26729.1_89184.pdb	./SEU34841.1_568860.pdb	0.9185	0.9051	1.74	0.442	0.435	0.451	258	262	253
./AAR26729.1_89184.pdb	./SIQ50979.1_58117.pdb	0.8903	0.7788	2.11	0.399	0.346	0.406	258	298	254
./AAR26729.1_89184.pdb	./SFE37334.1_936889.pdb	0.8784	0.8784	1.06	0.616	0.616	0.691	258	258	230
./AAR26729.1_89184.pdb	./RBP70966.1_2743.pdb	0.7364	0.7033	3.86	0.287	0.271	0.292	258	273	253
./AAR26729.1_89184.pdb	./PVH28389.1_2172121.pdb	0.9775	0.9813	0.51	0.694	0.696	0.705	258	257	254
./AAR26729.1_89184.pdb	./ORT58637.1_1907777.pdb	0.7383	0.6364	3.59	0.291	0.244	0.311	258	307	241
./AAR26729.1_89184.pdb	./OOQ50355.1_1890.pdb	0.7652	0.6581	3.29	0.252	0.212	0.272	258	306	239
./AAR26729.1_89184.pdb	./KZN52695.1_1365249.pdb	0.8833	0.8581	2.37	0.461	0.447	0.474	258	266	251
./AAR26729.1_89184.pdb	./TDT73707.1_1242689.pdb	0.9557	0.9593	1.09	0.643	0.646	0.654	258	257	254
./AAR26729.1_89184.pdb	./SFN43098.1_1005928.pdb	0.9892	0.9670	0.63	0.671	0.655	0.671	258	264	258
./AAR26729.1_89184.pdb	./SFQ30485.1_721133.pdb	0.9341	0.9103	1.67	0.535	0.521	0.543	258	265	254
./AAR26729.1_89184.pdb	./SDZ94313.1_531813.pdb	0.9421	0.9180	1.51	0.465	0.453	0.472	258	265	254
./AAR26729.1_89184.pdb	./PWK74840.1_1882405.pdb	0.6709	0.6008	3.76	0.264	0.231	0.300	258	295	227
./AAR26729.1_89184.pdb	./SDL96243.1_392333.pdb	0.8949	0.8254	2.43	0.481	0.441	0.488	258	281	254
./AAR26729.1_89184.pdb	./ANP37211.1_60890.pdb	0.9606	0.9463	1.07	0.682	0.672	0.690	258	262	255
./AAR26729.1_89184.pdb	./SMF40555.1_1304903.pdb	0.7470	0.7289	3.64	0.298	0.289	0.304	258	266	253
./AAR26729.1_89184.pdb	./SDN36910.1_211114.pdb	0.8785	0.8722	2.26	0.434	0.431	0.444	258	260	252
./AAR26729.1_89184.pdb	./KHM51554.1_82374.pdb	0.7960	0.7661	2.48	0.337	0.323	0.377	258	269	231
./AAR26729.1_89184.pdb	./RAK15411.1_568098.pdb	0.9417	0.9524	1.57	0.566	0.573	0.575	258	255	254
./AAR26729.1_89184.pdb	./KUO10410.1_1739111.pdb	0.7459	0.6388	3.56	0.279	0.233	0.299	258	309	241
./AAR26729.1_89184.pdb	./TCS65272.1_745311.pdb	0.9434	0.9363	1.53	0.581	0.577	0.591	258	260	254
./AAR26729.1_89184.pdb	./TDT44117.1_332522.pdb	0.7480	0.7025	3.77	0.298	0.276	0.300	258	279	257
./AAR26729.1_89184.pdb	./RKQ95238.1_74318.pdb	0.9309	0.8401	1.71	0.419	0.376	0.425	258	287	254
./AAR26729.1_89184.pdb	./REG79349.1_491954.pdb	0.7196	0.6834	4.05	0.271	0.255	0.278	258	275	252
./AAR26729.1_89184.pdb	./SES22800.1_402600.pdb	0.9055	0.8990	1.84	0.353	0.350	0.361	258	260	252
./AAR26729.1_89184.pdb	./SFG72899.1_481446.pdb	0.9877	0.9304	0.85	0.733	0.690	0.733	258	274	258
./AAR26729.1_89184.pdb	./SMF73602.1_1388755.pdb	0.6687	0.7375	3.47	0.271	0.306	0.318	258	229	220
./AAR26729.1_89184.pdb	./SHI04733.1_299255.pdb	0.8540	0.8114	2.55	0.287	0.271	0.294	258	273	252
./AAR26729.1_89184.pdb	./SEN68442.1_387096.pdb	0.9658	0.9207	1.16	0.678	0.646	0.678	258	271	258
./AAR26729.1_89184.pdb	./PSM17281.1_2126741.pdb	0.9666	0.9522	1.16	0.516	0.508	0.516	258	262	258
./AAR26729.1_89184.pdb	./SEB72042.1_204799.pdb	0.9330	0.9092	1.66	0.527	0.513	0.535	258	265	254
./AAR26729.1_89184.pdb	./SFP76734.1_867.pdb	0.7695	0.6303	2.66	0.205	0.165	0.233	258	321	227
./AAR26729.1_89184.pdb	./EAQ25778.1_314264.pdb	0.8781	0.7501	2.39	0.426	0.359	0.433	258	306	254
./AAR26729.1_89184.pdb	./KAJ57126.1_1454373.pdb	0.9876	0.9839	0.41	0.671	0.668	0.676	258	259	256
./AAR26729.1_89184.pdb	./AHK79364.1_421628.pdb	0.8850	0.8244	2.54	0.461	0.428	0.474	258	278	251
./AAR26729.1_89184.pdb	./SFC22029.1_1122252.pdb	0.7631	0.7244	3.64	0.291	0.273	0.292	258	275	257
./AAR26729.1_89184.pdb	./SFQ45210.1_393278.pdb	0.9843	0.9881	0.54	0.643	0.646	0.648	258	257	256
./AAR26729.1_89184.pdb	./SFD88470.1_1123397.pdb	0.7367	0.6801	3.87	0.264	0.239	0.267	258	285	255
./AAR26729.1_89184.pdb	./SDY25531.1_1520816.pdb	0.8722	0.8261	2.55	0.364	0.343	0.364	258	274	258
./AAR26729.1_89184.pdb	./PRX19809.1_113567.pdb	0.7353	0.6522	3.46	0.236	0.206	0.260	258	296	235
./AAR26729.1_89184.pdb	./SCE85635.1_1877.pdb	0.7254	0.6234	3.71	0.291	0.244	0.316	258	308	237
./AAR26729.1_89184.pdb	./EYT79520.1_1470557.pdb	0.7258	0.6218	3.74	0.287	0.239	0.307	258	310	241
./AAR26729.1_89184.pdb	./OEF98593.1_766136.pdb	0.8437	0.7939	3.09	0.376	0.351	0.376	258	276	258
./AAR26729.1_89184.pdb	./KAF7773837.1_43655.pdb	0.7436	0.7124	3.98	0.275	0.261	0.276	258	272	257
./AAR26729.1_89184.pdb	./RBP79846.1_24.pdb	0.9314	0.8195	1.79	0.442	0.386	0.444	258	295	257
./AAR26729.1_89184.pdb	./SHF10357.1_366533.pdb	0.9555	0.9241	1.17	0.609	0.588	0.616	258	267	255
./AAR26729.1_89184.pdb	./TXT18572.1_1869227.pdb	0.9308	0.8692	1.70	0.465	0.433	0.472	258	277	254
./AAR26729.1_89184.pdb	./PFG62191.1_1798203.pdb	0.8753	0.8721	2.50	0.527	0.525	0.555	258	259	245
./AAR26729.1_89184.pdb	./GAC16910.1_1127673.pdb	0.7697	0.7195	3.53	0.283	0.261	0.285	258	280	256
./AAR26729.1_89184.pdb	./SFQ04036.1_93684.pdb	0.9685	0.9471	1.21	0.667	0.652	0.667	258	264	258
./AAR26729.1_89184.pdb	./SHH36216.1_634436.pdb	0.5910	0.6273	4.35	0.174	0.188	0.212	258	239	212
./AAR26729.1_89184.pdb	./SFD45179.1_321267.pdb	0.9594	0.9558	1.15	0.647	0.645	0.652	258	259	256
./AAR26729.1_89184.pdb	./SDG40192.1_504805.pdb	0.9433	0.8348	1.57	0.430	0.379	0.432	258	293	257
./AAR26729.1_89184.pdb	./PWG64326.1_2182432.pdb	0.9288	0.8617	1.65	0.453	0.419	0.461	258	279	254
./AAR26729.1_89184.pdb	./SMP04630.1_1566352.pdb	0.9400	0.9365	1.59	0.578	0.575	0.587	258	259	254
./AAR26729.1_89184.pdb	./SFR45194.1_375760.pdb	0.7413	0.7039	3.85	0.291	0.273	0.295	258	275	254
./AAR26729.1_89184.pdb	./PKR77246.1_2018042.pdb	0.9126	0.8773	1.85	0.368	0.353	0.374	258	269	254
./AAR26729.1_89184.pdb	./PZH18670.1_1735453.pdb	0.7281	0.5928	3.34	0.279	0.220	0.310	258	327	232
./AAR26729.1_89184.pdb	./GAB56706.1_1121923.pdb	0.7406	0.7184	3.84	0.291	0.280	0.293	258	268	256
./AAR26729.1_89184.pdb	./SNY91885.1_1798205.pdb	0.9101	0.8780	2.04	0.477	0.459	0.484	258	268	254
./AAR26729.1_89184.pdb	./KPD10570.1_1225647.pdb	0.9194	0.9160	1.91	0.554	0.552	0.563	258	259	254
./AAR26729.1_89184.pdb	./RKT32484.1_505353.pdb	0.9599	0.9563	1.09	0.624	0.622	0.631	258	259	255
./AAR26729.1_89184.pdb	./AGM09942.1_129921.pdb	0.9171	0.8940	1.83	0.395	0.385	0.403	258	265	253
./AAR26729.1_89184.pdb	./TCO78196.1_1132028.pdb	0.7733	0.7291	3.51	0.295	0.274	0.296	258	277	257
./AAR26729.1_89184.pdb	./SDD65722.1_639004.pdb	0.9476	0.9370	1.41	0.690	0.682	0.701	258	261	254
./AAR26729.1_89184.pdb	./PRO66746.1_1548213.pdb	0.9222	0.8929	1.92	0.391	0.378	0.391	258	267	258
./AAR26729.1_89184.pdb	./AVO47768.1_1868589.pdb	0.8961	0.8517	2.66	0.422	0.401	0.431	258	272	253
./AAR26729.1_89184.pdb	./SIO84181.1_1434837.pdb	0.8657	0.7646	2.16	0.341	0.298	0.356	258	295	247
./AAR26729.1_89184.pdb	./SFL10536.1_1123062.pdb	0.9087	0.8213	2.00	0.426	0.383	0.435	258	287	253
./AAR26729.1_89184.pdb	./REE96704.1_111806.pdb	0.9314	0.8321	1.56	0.434	0.386	0.443	258	290	253
./AAR26729.1_89184.pdb	./PRX62074.1_1291556.pdb	0.9359	0.8273	1.38	0.426	0.375	0.437	258	293	252
./AAR26729.1_89184.pdb	./SFM80882.1_254161.pdb	0.9297	0.8330	1.76	0.461	0.412	0.470	258	289	253
./AAR26729.1_89184.pdb	./EAQ08197.1_314232.pdb	0.9834	0.9834	0.43	0.705	0.705	0.714	258	258	255
./AAR26729.1_89184.pdb	./SDY30142.1_1244108.pdb	0.9576	0.9576	1.02	0.659	0.659	0.669	258	258	254
./AAR26729.1_89184.pdb	./SFE49475.1_35752.pdb	0.7721	0.6902	3.35	0.267	0.235	0.285	258	293	242
./AAR26729.1_89184.pdb	./PWW04127.1_274592.pdb	0.9231	0.8935	1.69	0.519	0.502	0.528	258	267	254
./AAR26729.1_89184.pdb	./SEP72848.1_200379.pdb	0.9344	0.9106	1.49	0.430	0.419	0.439	258	265	253
./AAR26729.1_89184.pdb	./CCH31977.1_1179773.pdb	0.9305	0.8726	1.80	0.380	0.355	0.383	258	276	256
./AAR26729.1_89184.pdb	./SMD36671.1_692418.pdb	0.9234	0.8843	1.72	0.399	0.381	0.406	258	270	254
./AAR26729.1_89184.pdb	./SEF88794.1_488547.pdb	0.9646	0.9130	1.27	0.674	0.637	0.674	258	273	258
./AAR26729.1_89184.pdb	./ROQ20135.1_306545.pdb	0.7181	0.6929	4.07	0.287	0.274	0.289	258	270	256
./AAR26729.1_89184.pdb	./SHG83637.1_870908.pdb	0.9825	0.9639	0.46	0.674	0.662	0.682	258	263	255
./AAR26729.1_89184.pdb	./REE00102.1_1122208.pdb	0.9093	0.8030	2.11	0.391	0.344	0.398	258	294	254
./AAR26729.1_89184.pdb	./ARF71162.1_68173.pdb	0.7352	0.6124	3.48	0.287	0.232	0.311	258	319	238
./AAR26729.1_89184.pdb	./PAD41350.1_2023231.pdb	0.8783	0.8751	2.50	0.341	0.340	0.346	258	259	254
./AAR26729.1_89184.pdb	./RSN63863.1_2203206.pdb	0.7015	0.6003	3.95	0.279	0.232	0.306	258	310	235
./AAR26729.1_89184.pdb	./SCF15434.1_1881.pdb	0.7316	0.6313	3.45	0.225	0.190	0.247	258	306	235
./AAR26729.1_89184.pdb	./SFK18458.1_1397108.pdb	0.9417	0.9524	1.51	0.554	0.561	0.563	258	255	254
./AAR26729.1_89184.pdb	./PRY91743.1_1652492.pdb	0.9532	0.9568	1.23	0.593	0.595	0.600	258	257	255
./AAR26729.1_89184.pdb	./SFE19421.1_74348.pdb	0.9900	0.9788	0.60	0.659	0.651	0.659	258	261	258
./AAR26729.1_89184.pdb	./SDB51523.1_617002.pdb	0.9494	0.9022	1.45	0.519	0.493	0.521	258	272	257
./AAR26729.1_89184.pdb	./SFS84984.1_394264.pdb	0.9622	0.9659	1.09	0.690	0.693	0.695	258	257	256
./AAR26729.1_89184.pdb	./RPE63277.1_762213.pdb	0.9359	0.9537	1.32	0.589	0.601	0.603	258	253	252
./AAR26729.1_89184.pdb	./PSL18319.1_1662395.pdb	0.9638	0.9566	1.14	0.674	0.669	0.677	258	260	257
./AAR26729.1_89184.pdb	./SKB78202.1_505249.pdb	0.8432	0.8234	2.71	0.318	0.309	0.323	258	265	254
./AAR26729.1_89184.pdb	./SDM67658.1_482461.pdb	0.8740	0.8103	2.15	0.283	0.261	0.292	258	280	250
./AAR26729.1_89184.pdb	./RAR72462.1_1101402.pdb	0.7968	0.7556	2.89	0.198	0.186	0.209	258	274	244
./AAR26729.1_89184.pdb	./RMB80435.1_943815.pdb	0.7267	0.6105	3.96	0.295	0.239	0.308	258	318	247
./AAR26729.1_89184.pdb	./SDP93318.1_930152.pdb	0.8405	0.8088	2.86	0.337	0.323	0.349	258	269	249
./AAR26729.1_89184.pdb	./OLO42753.1_79885.pdb	0.8859	0.8293	2.32	0.372	0.347	0.378	258	277	254
./AAR26729.1_89184.pdb	./TQN33288.1_405555.pdb	0.9191	0.8566	1.87	0.384	0.356	0.387	258	278	256
./AAR26729.1_89184.pdb	./SBT46245.1_299146.pdb	0.7225	0.6107	3.87	0.271	0.223	0.293	258	314	239
./AAR26729.1_89184.pdb	./SNS70562.1_106412.pdb	0.9164	0.8168	1.88	0.407	0.361	0.415	258	291	253
./AAR26729.1_89184.pdb	./SEP88570.1_989403.pdb	0.9335	0.9096	1.72	0.453	0.442	0.461	258	265	254
./AAR26729.1_89184.pdb	./SFU64430.1_463301.pdb	0.7361	0.6822	3.93	0.302	0.275	0.302	258	284	258
./AAR26729.1_89184.pdb	./KGM47235.1_1461694.pdb	0.9793	0.9907	0.44	0.667	0.675	0.677	258	255	254
./AAR26729.1_89184.pdb	./SBV26189.1_307121.pdb	0.7232	0.6186	3.51	0.264	0.220	0.292	258	309	233
./AAR26729.1_89184.pdb	./KMK76062.1_79884.pdb	0.8508	0.7954	2.77	0.353	0.327	0.358	258	278	254
./AAR26729.1_89184.pdb	./KXX66223.1_1048.pdb	0.9071	0.8719	2.19	0.508	0.487	0.516	258	269	254
./AAR26729.1_89184.pdb	./SDL05678.1_48727.pdb	0.7478	0.6603	3.81	0.302	0.259	0.302	258	301	258
./AAR26729.1_89184.pdb	./SNY66980.1_1036182.pdb	0.8165	0.7580	3.08	0.275	0.253	0.278	258	281	255
./AAR26729.1_89184.pdb	./SEE72452.1_648782.pdb	0.8501	0.6743	1.98	0.415	0.327	0.465	258	327	230
./AAR26729.1_89184.pdb	./SDR71465.1_472181.pdb	0.8776	0.7480	1.97	0.450	0.382	0.487	258	304	238
./AAR26729.1_89184.pdb	./TQM75046.1_103836.pdb	0.9208	0.8666	2.12	0.426	0.400	0.428	258	275	257
./AAR26729.1_89184.pdb	./SHL54864.1_337701.pdb	0.9278	0.9312	1.80	0.589	0.591	0.598	258	257	254
./AAR26729.1_89184.pdb	./RLJ98491.1_981384.pdb	0.8665	0.7909	2.62	0.411	0.372	0.417	258	285	254
./AAR26729.1_89184.pdb	./SMH38764.1_536018.pdb	0.9350	0.9178	1.63	0.492	0.483	0.500	258	263	254
./AAR26729.1_89184.pdb	./PCG84628.1_2023771.pdb	0.7420	0.6337	3.50	0.295	0.245	0.317	258	310	240
./AAR26729.1_89184.pdb	./ESW62374.1_1408890.pdb	0.9364	0.9364	1.63	0.512	0.512	0.520	258	258	254
./AAR26729.1_89184.pdb	./TQL75593.1_1496996.pdb	0.8217	0.6793	2.95	0.283	0.228	0.289	258	320	253
./AAR26729.1_89184.pdb	./PIV77014.1_1974082.pdb	0.8178	0.9657	0.74	0.531	0.628	0.640	258	218	214
./AAR26729.1_89184.pdb	./RLJ86852.1_1373.pdb	0.8331	0.8042	3.01	0.376	0.362	0.390	258	268	249
./AAR26729.1_89184.pdb	./EEE38440.1_467661.pdb	0.9622	0.9515	1.24	0.775	0.766	0.775	258	261	258
./AAR26729.1_89184.pdb	./SDI78963.1_571298.pdb	0.9820	0.9322	0.82	0.674	0.640	0.674	258	272	258
./AAR26729.1_89184.pdb	./OEJ34352.1_36818.pdb	0.6777	0.5985	3.94	0.275	0.237	0.306	258	300	232
./AAR26729.1_89184.pdb	./PHP28086.1_1125964.pdb	0.9432	0.9327	1.53	0.543	0.536	0.551	258	261	254
./AAR26729.1_89184.pdb	./SIO90289.1_1434837.pdb	0.8723	0.7876	2.67	0.380	0.340	0.386	258	288	254
./AAR26729.1_89184.pdb	./KIC47769.1_1577905.pdb	0.8904	0.8391	2.25	0.442	0.415	0.449	258	275	254
./AAR26729.1_89184.pdb	./PWE31764.1_2184063.pdb	0.9888	0.9629	0.64	0.674	0.657	0.674	258	265	258
./AAR26729.1_89184.pdb	./KOT33990.1_36816.pdb	0.7276	0.6102	3.52	0.267	0.218	0.291	258	317	237
./AAR26729.1_89184.pdb	./PWI09595.1_2185284.pdb	0.7558	0.6546	3.61	0.267	0.226	0.280	258	305	246
./AAR26729.1_89184.pdb	./OKJ23883.1_1703932.pdb	0.7288	0.6374	3.65	0.298	0.255	0.321	258	302	240
./AAR26729.1_89184.pdb	./AHD03788.1_999552.pdb	0.8773	0.8027	2.52	0.426	0.387	0.433	258	284	254
./AAR26729.1_89184.pdb	./PSL13397.1_267374.pdb	0.7361	0.6931	3.95	0.279	0.259	0.281	258	278	256
./AAR26729.1_89184.pdb	./SFK61504.1_285279.pdb	0.8910	0.7855	2.44	0.411	0.359	0.417	258	295	254
./AAR26729.1_89184.pdb	./KHQ52407.1_561184.pdb	0.9646	0.9229	1.19	0.733	0.700	0.733	258	270	258
./AAR26729.1_89184.pdb	./PVB62941.1_2171494.pdb	0.9150	0.8887	2.05	0.504	0.489	0.512	258	266	254
./AAR26729.1_89184.pdb	./RCW27170.1_1197950.pdb	0.8781	0.8440	2.73	0.419	0.401	0.427	258	269	253
./AAR26729.1_89184.pdb	./SDP41721.1_641025.pdb	0.8590	0.8368	1.31	0.415	0.404	0.467	258	265	229
./AAR26729.1_89184.pdb	./PTQ76056.1_1651082.pdb	0.9701	0.9852	0.63	0.647	0.657	0.660	258	254	253
./AAR26729.1_89184.pdb	./TQJ22171.1_2572899.pdb	0.7474	0.6280	3.36	0.260	0.213	0.283	258	315	237
./AAR26729.1_89184.pdb	./VFK26228.1_2138164.pdb	0.9111	0.8370	2.08	0.438	0.401	0.447	258	282	253
./AAR26729.1_89184.pdb	./SIS90423.1_619304.pdb	0.9259	0.8992	1.78	0.430	0.417	0.437	258	266	254
./AAR26729.1_89184.pdb	./SCZ61236.1_415747.pdb	0.8999	0.8440	2.40	0.453	0.424	0.461	258	276	254
./AAR26729.1_89184.pdb	./GAC04989.1_1125747.pdb	0.7151	0.6662	4.21	0.283	0.259	0.287	258	282	254
./AAR26729.1_89184.pdb	./RLJ78033.1_485602.pdb	0.9188	0.8773	1.82	0.376	0.358	0.379	258	271	256
./AAR26729.1_89184.pdb	./KXF88940.1_221822.pdb	0.9458	0.9082	1.42	0.616	0.591	0.626	258	269	254
./AAR26729.1_89184.pdb	./KMO94940.1_66430.pdb	0.6823	0.5737	3.94	0.287	0.232	0.314	258	319	236
./AAR26729.1_89184.pdb	./TDQ53071.1_1605990.pdb	0.8636	0.8636	2.48	0.391	0.391	0.401	258	258	252
./AAR26729.1_89184.pdb	./SMD00854.1_2030.pdb	0.9309	0.9006	1.59	0.422	0.408	0.431	258	267	253
./AAR26729.1_89184.pdb	./PWG09783.1_1424099.pdb	0.7206	0.6204	3.64	0.260	0.218	0.282	258	308	238
./AAR26729.1_89184.pdb	./KPQ05318.1_1298881.pdb	0.7369	0.6864	3.90	0.302	0.277	0.304	258	282	257
./AAR26729.1_89184.pdb	./RLK51435.1_85925.pdb	0.9442	0.8487	1.37	0.465	0.417	0.472	258	288	254
./AAR26729.1_89184.pdb	./SFK09813.1_285279.pdb	0.9194	0.8741	1.96	0.442	0.419	0.449	258	272	254
./AAR26729.1_89184.pdb	./ETX13443.1_1449350.pdb	0.9914	0.9801	0.56	0.667	0.659	0.667	258	261	258
./AAR26729.1_89184.pdb	./SCF06527.1_1881.pdb	0.7378	0.6328	3.40	0.287	0.240	0.314	258	308	236
./AAR26729.1_89184.pdb	./PRY66216.1_1176243.pdb	0.7365	0.6664	4.04	0.298	0.264	0.298	258	292	258
./AAR26729.1_89184.pdb	./KJS09990.1_1629712.pdb	0.9232	0.8903	1.81	0.481	0.463	0.488	258	268	254
./AAR26729.1_89184.pdb	./RED11376.1_1639689.pdb	0.9087	0.9021	2.04	0.473	0.469	0.480	258	260	254
./AAR26729.1_89184.pdb	./RKT67285.1_543527.pdb	0.8991	0.8925	1.79	0.399	0.396	0.415	258	260	248
./AAR26729.1_89184.pdb	./OIQ33152.1_1860092.pdb	0.9421	0.9316	1.51	0.620	0.613	0.630	258	261	254
./AAR26729.1_89184.pdb	./SDC88459.1_530584.pdb	0.9257	0.8861	1.72	0.391	0.374	0.399	258	270	253
./AAR26729.1_89184.pdb	./SCL37783.1_47850.pdb	0.7214	0.6005	3.54	0.275	0.223	0.305	258	319	233
./AAR26729.1_89184.pdb	./SET84537.1_1168034.pdb	0.7923	0.7842	2.93	0.205	0.203	0.219	258	261	242
./AAR26729.1_89184.pdb	./BBB29834.1_1441457.pdb	0.7149	0.6999	4.15	0.275	0.268	0.280	258	265	254
./AAR26729.1_89184.pdb	./SEQ89134.1_478744.pdb	0.7563	0.7488	3.35	0.213	0.211	0.227	258	261	242
./AAR26729.1_89184.pdb	./PPA71834.1_2082395.pdb	0.9085	0.8860	1.94	0.372	0.362	0.376	258	265	255
./AAR26729.1_89184.pdb	./OYW93573.1_1970502.pdb	0.9157	0.6956	1.97	0.512	0.384	0.520	258	344	254
./AAR26729.1_89184.pdb	./SFU07962.1_999627.pdb	0.8636	0.7860	2.63	0.422	0.381	0.429	258	286	254
./AAR26729.1_89184.pdb	./EHK60356.1_1118153.pdb	0.7204	0.6740	3.98	0.295	0.270	0.297	258	281	256
./AAR26729.1_89184.pdb	./PRY20657.1_1280846.pdb	0.8410	0.9216	0.95	0.597	0.655	0.694	258	235	222
./AAR26729.1_89184.pdb	./SDX88240.1_321339.pdb	0.9398	0.9293	1.54	0.593	0.586	0.602	258	261	254
./AAR26729.1_89184.pdb	./PTM50846.1_1122261.pdb	0.9364	0.8688	1.73	0.419	0.387	0.420	258	279	257
./AAR26729.1_89184.pdb	./SDG94268.1_568899.pdb	0.9206	0.8275	1.93	0.388	0.346	0.388	258	289	258
./AAR26729.1_89184.pdb	./PLX34818.1_1909294.pdb	0.9287	0.9151	1.78	0.461	0.454	0.469	258	262	254
./AAR26729.1_89184.pdb	./TCJ88237.1_634765.pdb	0.9094	0.8709	2.08	0.407	0.389	0.415	258	270	253
./AAR26729.1_89184.pdb	./RPE41988.1_1938851.pdb	0.7371	0.5463	3.51	0.260	0.184	0.280	258	365	239
./AAR26729.1_89184.pdb	./SFM12884.1_334253.pdb	0.7992	0.7964	3.35	0.353	0.351	0.370	258	259	246
./AAR26729.1_89184.pdb	./SDY58714.1_1503961.pdb	0.8997	0.8561	2.18	0.341	0.324	0.346	258	272	254
./AAR26729.1_89184.pdb	./PRX50307.1_1453103.pdb	0.9204	0.8688	1.86	0.407	0.383	0.415	258	274	253
./AAR26729.1_89184.pdb	./KUJ78072.1_1685379.pdb	0.9946	0.9542	0.44	0.771	0.740	0.771	258	269	258
./AAR26729.1_89184.pdb	./SEQ40964.1_571933.pdb	0.8918	0.8823	2.11	0.364	0.360	0.370	258	261	254
./AAR26729.1_89184.pdb	./CEL19634.1_703222.pdb	0.9281	0.8579	1.61	0.426	0.393	0.435	258	280	253
./AAR26729.1_89184.pdb	./SEG14270.1_373675.pdb	0.9397	0.9433	1.64	0.523	0.525	0.531	258	257	254
./AAR26729.1_89184.pdb	./PWB65688.1_2072420.pdb	0.8324	0.8354	2.49	0.419	0.420	0.456	258	257	237
./AAR26729.1_89184.pdb	./SER84526.1_65499.pdb	0.9047	0.9015	1.86	0.360	0.359	0.369	258	259	252
./AAR26729.1_89184.pdb	./KPQ06910.1_1666916.pdb	0.9878	0.9583	0.88	0.690	0.669	0.690	258	266	258
./AAR26729.1_89184.pdb	./SDW86964.1_564137.pdb	0.9761	0.9473	0.95	0.690	0.669	0.690	258	266	258
./AAR26729.1_89184.pdb	./GAP45438.1_146537.pdb	0.7118	0.6168	3.66	0.248	0.209	0.270	258	306	237
./AAR26729.1_89184.pdb	./SFP49421.1_587909.pdb	0.9251	0.8610	1.76	0.422	0.392	0.431	258	278	253
./AAR26729.1_89184.pdb	./KNG93553.1_1317121.pdb	0.9737	0.9890	0.51	0.702	0.713	0.715	258	254	253
./AAR26729.1_89184.pdb	./PWV77310.1_2183985.pdb	0.7232	0.6860	4.04	0.302	0.283	0.304	258	276	257
./AAR26729.1_89184.pdb	./SFB60291.1_490629.pdb	0.9170	0.8749	1.89	0.384	0.365	0.391	258	271	253
./AAR26729.1_89184.pdb	./SEE03637.1_53406.pdb	0.8983	0.8572	2.49	0.419	0.399	0.425	258	271	254
./AAR26729.1_89184.pdb	./EHP31358.1_929558.pdb	0.9109	0.8880	2.07	0.403	0.392	0.411	258	265	253
./AAR26729.1_89184.pdb	./SCF16153.1_285665.pdb	0.7480	0.6005	3.47	0.271	0.211	0.297	258	331	236
./AAR26729.1_89184.pdb	./PIB26183.1_1889778.pdb	0.9427	0.9462	1.54	0.516	0.518	0.524	258	257	254
./AAR26729.1_89184.pdb	./PZX15798.1_568105.pdb	0.9431	0.9467	1.53	0.589	0.591	0.598	258	257	254
./AAR26729.1_89184.pdb	./SDJ76067.1_633440.pdb	0.9292	0.9058	1.68	0.438	0.426	0.441	258	265	256
./AAR26729.1_89184.pdb	./PWR02168.1_2072018.pdb	0.9897	0.9747	0.70	0.690	0.679	0.690	258	262	258
./AAR26729.1_89184.pdb	./ODS55240.1_1660088.pdb	0.9301	0.9032	1.71	0.492	0.477	0.500	258	266	254
./AAR26729.1_89184.pdb	./SNT71943.1_1519374.pdb	0.8633	0.8633	2.33	0.384	0.384	0.393	258	258	252
./AAR26729.1_89184.pdb	./SDE72276.1_101564.pdb	0.9362	0.8556	1.49	0.453	0.413	0.464	258	283	252
./AAR26729.1_89184.pdb	./SOE18090.1_714899.pdb	0.9366	0.9061	1.58	0.484	0.468	0.492	258	267	254
./AAR26729.1_89184.pdb	./SDM05608.1_144026.pdb	0.8424	0.8129	2.01	0.368	0.354	0.401	258	268	237
./AAR26729.1_89184.pdb	./SDG86219.1_83401.pdb	0.9203	0.8608	1.97	0.535	0.498	0.535	258	277	258
./AAR26729.1_89184.pdb	./PHP64729.1_1982044.pdb	0.9241	0.9072	1.74	0.492	0.483	0.502	258	263	253
./AAR26729.1_89184.pdb	./TWI75587.1_622671.pdb	0.8683	0.8217	2.61	0.345	0.325	0.350	258	274	254
./AAR26729.1_89184.pdb	./EHA14927.1_550984.pdb	0.7343	0.6534	4.14	0.295	0.255	0.295	258	298	258
./AAR26729.1_89184.pdb	./EAQ24544.1_314264.pdb	0.9936	0.9711	0.49	0.690	0.674	0.690	258	264	258
./AAR26729.1_89184.pdb	./KPF79210.1_1523422.pdb	0.9213	0.8434	1.84	0.512	0.466	0.520	258	283	254
./AAR26729.1_89184.pdb	./SMF25636.1_1513793.pdb	0.9228	0.8867	1.80	0.434	0.416	0.441	258	269	254
./AAR26729.1_89184.pdb	./SDN82180.1_391948.pdb	0.9521	0.9630	1.32	0.640	0.647	0.650	258	255	254
./AAR26729.1_89184.pdb	./SIO40450.1_1458307.pdb	0.9465	0.9430	1.16	0.632	0.629	0.647	258	259	252
./AAR26729.1_89184.pdb	./SDO20663.1_419597.pdb	0.7552	0.7192	3.68	0.302	0.285	0.305	258	274	256
./AAR26729.1_89184.pdb	./SMO69505.1_1010611.pdb	0.9163	0.7509	1.96	0.450	0.365	0.455	258	318	255
./AAR26729.1_89184.pdb	./TCP61107.1_992286.pdb	0.9607	0.8962	1.08	0.667	0.621	0.675	258	277	255
./AAR26729.1_89184.pdb	./KKB07761.1_429727.pdb	0.9491	0.9315	1.28	0.508	0.498	0.516	258	263	254
./AAR26729.1_89184.pdb	./OQX31614.1_2548426.pdb	0.8929	0.8772	2.28	0.484	0.475	0.486	258	263	257
./AAR26729.1_89184.pdb	./TBX28290.1_1607786.pdb	0.9599	0.9710	1.01	0.659	0.667	0.669	258	255	254
./AAR26729.1_89184.pdb	./TDV40788.1_502181.pdb	0.9369	0.8965	1.48	0.438	0.419	0.447	258	270	253
./AAR26729.1_89184.pdb	./SDM86976.1_237069.pdb	0.9012	0.9012	2.00	0.364	0.364	0.372	258	258	253
./AAR26729.1_89184.pdb	./AML52415.1_1579316.pdb	0.9198	0.8966	1.88	0.450	0.438	0.457	258	265	254
./AAR26729.1_89184.pdb	./SDU66118.1_129921.pdb	0.8532	0.9385	1.21	0.426	0.470	0.485	258	234	227
./AAR26729.1_89184.pdb	./TWG20285.1_1316803.pdb	0.7642	0.6748	3.22	0.256	0.222	0.278	258	297	237
./AAR26729.1_89184.pdb	./SCF13253.1_686309.pdb	0.7284	0.5954	3.72	0.271	0.215	0.294	258	326	238
./AAR26729.1_89184.pdb	./REE57904.1_1938846.pdb	0.7320	0.6329	3.64	0.279	0.235	0.300	258	306	240
./AAR26729.1_89184.pdb	./SCD35887.1_1839778.pdb	0.7169	0.5977	3.81	0.264	0.212	0.283	258	320	240
./AAR26729.1_89184.pdb	./OWU81008.1_1317111.pdb	0.8669	0.8125	2.52	0.419	0.390	0.425	258	277	254
./AAR26729.1_89184.pdb	./SFN57086.1_379482.pdb	0.7418	0.7082	3.88	0.279	0.264	0.285	258	273	253
./AAR26729.1_89184.pdb	./SDG54722.1_200378.pdb	0.8709	0.8585	2.43	0.364	0.359	0.376	258	262	250
./AAR26729.1_89184.pdb	./PFG95921.1_405948.pdb	0.9382	0.8311	1.55	0.453	0.399	0.455	258	293	257
./AAR26729.1_89184.pdb	./SCE93660.1_262898.pdb	0.7425	0.6356	3.48	0.264	0.220	0.286	258	309	238
./AAR26729.1_89184.pdb	./SEN36630.1_930146.pdb	0.8548	0.8120	2.41	0.283	0.267	0.292	258	273	250
./AAR26729.1_89184.pdb	./SEQ75649.1_355243.pdb	0.7464	0.7236	3.93	0.283	0.272	0.284	258	268	257
./AAR26729.1_89184.pdb	./SOC10251.1_538381.pdb	0.9129	0.8931	2.06	0.484	0.473	0.492	258	264	254
./AAR26729.1_89184.pdb	./RKD75476.1_342944.pdb	0.8686	0.8224	2.67	0.372	0.350	0.372	258	274	258
./AAR26729.1_89184.pdb	./ASP36396.1_2021862.pdb	0.9190	0.8925	1.97	0.504	0.489	0.512	258	266	254
./AAR26729.1_89184.pdb	./KJY27603.1_68223.pdb	0.7188	0.7140	3.26	0.275	0.273	0.311	258	260	228
./AAR26729.1_89184.pdb	./PAE27248.1_2022552.pdb	0.9019	0.8890	2.07	0.388	0.382	0.392	258	262	255
./AAR26729.1_89184.pdb	./SEL36487.1_1287727.pdb	0.9709	0.9494	1.07	0.678	0.663	0.678	258	264	258
./AAR26729.1_89184.pdb	./OUD09899.1_1930667.pdb	0.9275	0.9488	1.52	0.581	0.595	0.598	258	252	251
./AAR26729.1_89184.pdb	./KAF0182163.1_1978230.pdb	0.8927	0.7163	2.15	0.364	0.289	0.378	258	325	249
./AAR26729.1_89184.pdb	./ODT61006.1_1660154.pdb	0.9018	0.9446	1.21	0.616	0.646	0.660	258	246	241
./AAR26729.1_89184.pdb	./EGD41262.1_408672.pdb	0.8528	0.8059	2.71	0.419	0.394	0.437	258	274	247
./AAR26729.1_89184.pdb	./EGP20985.1_999141.pdb	0.7331	0.6493	3.97	0.279	0.240	0.280	258	300	257
./AAR26729.1_89184.pdb	./SEM38375.1_46177.pdb	0.9072	0.7523	2.09	0.430	0.354	0.439	258	314	253
./AAR26729.1_89184.pdb	./ALQ56858.1_152297.pdb	0.7284	0.7066	3.89	0.267	0.257	0.273	258	268	253
./AAR26729.1_89184.pdb	./APS23024.1_1661694.pdb	0.7368	0.6261	3.64	0.302	0.250	0.324	258	312	241
./AAR26729.1_89184.pdb	./SIS76552.1_484498.pdb	0.7624	0.7279	3.62	0.306	0.289	0.309	258	273	256
./AAR26729.1_89184.pdb	./SDW02300.1_1122204.pdb	0.8601	0.8283	2.53	0.337	0.323	0.343	258	269	254
./AAR26729.1_89184.pdb	./SEP09558.1_406100.pdb	0.9295	0.8714	1.60	0.438	0.409	0.445	258	276	254
./AAR26729.1_89184.pdb	./KUL57495.1_1886.pdb	0.7174	0.6160	3.58	0.302	0.253	0.336	258	308	232
./AAR26729.1_89184.pdb	./KFG01626.1_1930.pdb	0.7659	0.5801	3.40	0.279	0.203	0.296	258	354	243
./AAR26729.1_89184.pdb	./AJY48188.1_1486262.pdb	0.9425	0.8957	1.44	0.508	0.482	0.514	258	272	255
./AAR26729.1_89184.pdb	./ASY13120.1_1884915.pdb	0.7757	0.7299	2.79	0.240	0.225	0.267	258	276	232
./AAR26729.1_89184.pdb	./ATN32858.1_1571470.pdb	0.8759	0.8419	2.62	0.415	0.398	0.428	258	269	250
./AAR26729.1_89184.pdb	./SDR14850.1_35622.pdb	0.9169	0.9003	1.87	0.403	0.395	0.411	258	263	253
./AAR26729.1_89184.pdb	./SFI68056.1_324952.pdb	0.9098	0.8011	1.91	0.415	0.363	0.423	258	295	253
./AAR26729.1_89184.pdb	./SFV37597.1_429728.pdb	0.9468	0.9363	1.34	0.508	0.502	0.516	258	261	254
./AAR26729.1_89184.pdb	./SDT93595.1_1881061.pdb	0.9124	0.8799	2.11	0.492	0.474	0.500	258	268	254
./AAR26729.1_89184.pdb	./TPW21553.1_2030800.pdb	0.8493	0.8124	2.54	0.314	0.299	0.323	258	271	251
./AAR26729.1_89184.pdb	./RLK03683.1_981384.pdb	0.9965	0.9851	0.36	0.771	0.762	0.771	258	261	258
./AAR26729.1_89184.pdb	./SEU44695.1_568860.pdb	0.9098	0.8966	2.03	0.415	0.408	0.418	258	262	256
./AAR26729.1_89184.pdb	./KPQ25605.1_1479235.pdb	0.7316	0.6682	3.97	0.302	0.270	0.305	258	289	256
./AAR26729.1_89184.pdb	./SCF59181.1_1839774.pdb	0.7505	0.6369	3.39	0.275	0.228	0.296	258	312	240
./AAR26729.1_89184.pdb	./OWU72775.1_1317111.pdb	0.9604	0.9088	1.07	0.612	0.579	0.620	258	273	255
./AAR26729.1_89184.pdb	./SCD66000.1_1839762.pdb	0.7590	0.6919	3.53	0.291	0.261	0.310	258	287	242
./AAR26729.1_89184.pdb	./AQU65114.1_193462.pdb	0.7549	0.6441	3.48	0.298	0.248	0.318	258	310	242
./AAR26729.1_89184.pdb	./AXI57169.1_2070369.pdb	0.9663	0.9738	0.93	0.717	0.723	0.731	258	256	253
./AAR26729.1_89184.pdb	./TDP38179.1_1327752.pdb	0.7142	0.6905	4.39	0.295	0.283	0.299	258	269	254
./AAR26729.1_89184.pdb	./EAR51170.1_314256.pdb	0.9866	0.9790	0.66	0.636	0.631	0.638	258	260	257
./AAR26729.1_89184.pdb	./RBP85274.1_491948.pdb	0.9437	0.8626	1.47	0.415	0.378	0.421	258	283	254
./AAR26729.1_89184.pdb	./RZT82980.1_1278207.pdb	0.7757	0.6770	3.35	0.256	0.219	0.273	258	301	242
./AAR26729.1_89184.pdb	./SMC55127.1_40571.pdb	0.9152	0.9118	1.59	0.360	0.359	0.372	258	259	250
./AAR26729.1_89184.pdb	./SEM22008.1_74031.pdb	0.9612	0.9434	1.06	0.632	0.620	0.639	258	263	255
./AAR26729.1_89184.pdb	./PRH82684.1_2058085.pdb	0.9049	0.8855	2.06	0.469	0.458	0.476	258	264	254
./AAR26729.1_89184.pdb	./VEL95653.1_2358187.pdb	0.7364	0.6865	3.86	0.287	0.263	0.295	258	281	251
./AAR26729.1_89184.pdb	./SCD65447.1_693491.pdb	0.7294	0.6124	3.66	0.267	0.218	0.287	258	317	240
./AAR26729.1_89184.pdb	./KIX19335.1_1192054.pdb	0.9791	0.9536	1.04	0.659	0.642	0.659	258	265	258
./AAR26729.1_89184.pdb	./PSM37648.1_2109333.pdb	0.7509	0.5704	3.52	0.267	0.195	0.285	258	354	242
./AAR26729.1_89184.pdb	./SHN26650.1_1027249.pdb	0.8244	0.8157	3.20	0.364	0.360	0.378	258	261	249
./AAR26729.1_89184.pdb	./PYZ98533.1_2045244.pdb	0.8654	0.8137	2.45	0.384	0.359	0.391	258	276	253
./AAR26729.1_89184.pdb	./SHE30512.1_996115.pdb	0.9656	0.9548	1.18	0.760	0.751	0.760	258	261	258
./AAR26729.1_89184.pdb	./SFJ98669.1_930118.pdb	0.7454	0.7095	3.81	0.287	0.270	0.292	258	274	253
./AAR26729.1_89184.pdb	./CAD5272638.1_2768855.pdb	0.9268	0.9001	1.71	0.415	0.402	0.421	258	266	254
./AAR26729.1_89184.pdb	./PWE17022.1_2135793.pdb	0.8904	0.7543	2.16	0.391	0.328	0.399	258	308	253
./AAR26729.1_89184.pdb	./RBO78434.1_491951.pdb	0.7386	0.7003	3.80	0.291	0.272	0.292	258	276	257
./AAR26729.1_89184.pdb	./ATC84759.1_1312369.pdb	0.7235	0.6878	3.88	0.256	0.240	0.262	258	275	252
./AAR26729.1_89184.pdb	./PYG26581.1_696760.pdb	0.9689	0.9509	1.12	0.709	0.696	0.709	258	263	258
./AAR26729.1_89184.pdb	./KND20975.1_121719.pdb	0.9142	0.8944	2.06	0.504	0.492	0.512	258	264	254
./AAR26729.1_89184.pdb	./TWG88565.1_935283.pdb	0.9279	0.8083	1.98	0.469	0.406	0.473	258	298	256
./AAR26729.1_89184.pdb	./PTN01893.1_365340.pdb	0.9710	0.9823	0.92	0.721	0.729	0.732	258	255	254
./AAR26729.1_89184.pdb	./KGJ20797.1_1545044.pdb	0.9855	0.9253	0.77	0.663	0.622	0.663	258	275	258
./AAR26729.1_89184.pdb	./OIQ46014.1_1860088.pdb	0.8756	0.8015	2.45	0.411	0.373	0.417	258	284	254
./AAR26729.1_89184.pdb	./SFI89011.1_324952.pdb	0.9139	0.8516	2.09	0.388	0.360	0.391	258	278	256
./AAR26729.1_89184.pdb	./ONH85484.1_501863.pdb	0.9249	0.8610	1.88	0.481	0.446	0.488	258	278	254
./AAR26729.1_89184.pdb	./TCO73458.1_35805.pdb	0.9874	0.9268	0.88	0.725	0.680	0.725	258	275	258
./AAR26729.1_89184.pdb	./AVW92208.1_875171.pdb	0.9355	0.9426	1.70	0.589	0.594	0.598	258	256	254
./AAR26729.1_89184.pdb	./ANR70200.1_712528.pdb	0.8129	0.7712	2.32	0.349	0.330	0.388	258	273	232
./AAR26729.1_89184.pdb	./SDM25874.1_683260.pdb	0.9330	0.8998	1.87	0.434	0.418	0.436	258	268	257
./AAR26729.1_89184.pdb	./SFR52298.1_390270.pdb	0.9596	0.9596	1.11	0.640	0.640	0.647	258	258	255
./AAR26729.1_89184.pdb	./SDO44071.1_641025.pdb	0.9320	0.8703	1.55	0.442	0.412	0.451	258	277	253
./AAR26729.1_89184.pdb	./KRS19455.1_540747.pdb	0.9373	0.9444	1.52	0.593	0.598	0.605	258	256	253
./AAR26729.1_89184.pdb	./SEF70795.1_857252.pdb	0.9236	0.8688	1.88	0.457	0.429	0.465	258	275	254
./AAR26729.1_89184.pdb	./SNR56067.1_664784.pdb	0.9148	0.8853	1.93	0.403	0.390	0.411	258	267	253
./AAR26729.1_89184.pdb	./OCW56403.1_1480615.pdb	0.9192	0.8865	1.83	0.477	0.459	0.484	258	268	254
./AAR26729.1_89184.pdb	./SIS51982.1_633194.pdb	0.9722	0.9397	0.58	0.667	0.644	0.680	258	267	253
./AAR26729.1_89184.pdb	./PWK85500.1_531938.pdb	0.9024	0.8991	1.87	0.357	0.355	0.365	258	259	252
./AAR26729.1_89184.pdb	./QCN83913.1_45398.pdb	0.7730	0.6886	3.17	0.275	0.241	0.297	258	294	239
./AAR26729.1_89184.pdb	./SDG56592.1_200378.pdb	0.8991	0.8005	1.97	0.430	0.380	0.439	258	292	253
./AAR26729.1_89184.pdb	./TQL63506.1_1753.pdb	0.7322	0.6645	3.94	0.287	0.254	0.291	258	291	254
./AAR26729.1_89184.pdb	./SIR70760.1_58117.pdb	0.9227	0.9367	1.67	0.419	0.425	0.429	258	254	252
./AAR26729.1_89184.pdb	./SDC50639.1_1045774.pdb	0.8394	0.8252	2.75	0.357	0.350	0.365	258	263	252
./AAR26729.1_89184.pdb	./PRY77666.1_1435347.pdb	0.9721	0.9612	1.15	0.659	0.651	0.659	258	261	258
./AAR26729.1_89184.pdb	./KUJ89422.1_1635257.pdb	0.7358	0.6596	3.95	0.310	0.270	0.310	258	296	258
./AAR26729.1_89184.pdb	./SNY75635.1_1036182.pdb	0.7508	0.6454	3.44	0.271	0.228	0.293	258	307	239
./AAR26729.1_89184.pdb	./PPK88267.1_1514080.pdb	0.7166	0.7237	3.63	0.221	0.224	0.242	258	255	236
./AAR26729.1_89184.pdb	./VFK40193.1_2126332.pdb	0.9124	0.8586	1.99	0.465	0.436	0.474	258	275	253
./AAR26729.1_89184.pdb	./SDH90284.1_930129.pdb	0.9149	0.8362	2.06	0.364	0.331	0.364	258	284	258
./AAR26729.1_89184.pdb	./PHO05511.1_2045445.pdb	0.9388	0.9182	1.60	0.539	0.527	0.547	258	264	254
./AAR26729.1_89184.pdb	./SNS09904.1_74033.pdb	0.9954	0.9513	0.41	0.771	0.737	0.771	258	270	258
./AAR26729.1_89184.pdb	./AWI85201.1_311180.pdb	0.9948	0.9404	0.43	0.678	0.641	0.678	258	273	258
./AAR26729.1_89184.pdb	./KFG06827.1_1930.pdb	0.7322	0.5984	3.83	0.287	0.226	0.305	258	327	243
./AAR26729.1_89184.pdb	./RMA81213.1_569599.pdb	0.7099	0.6767	4.28	0.271	0.255	0.275	258	274	255
./AAR26729.1_89184.pdb	./SMC73639.1_441103.pdb	0.9810	0.9848	0.36	0.725	0.728	0.736	258	257	254
./AAR26729.1_89184.pdb	./SEF63305.1_52021.pdb	0.7411	0.7025	3.84	0.318	0.297	0.318	258	276	258
./AAR26729.1_89184.pdb	./PYF82475.1_491949.pdb	0.7237	0.6863	3.99	0.283	0.264	0.285	258	276	256
./AAR26729.1_89184.pdb	./TQM84693.1_571190.pdb	0.9322	0.9023	1.73	0.364	0.352	0.366	258	267	257
./AAR26729.1_89184.pdb	./TWI84637.1_150831.pdb	0.9142	0.8784	2.00	0.500	0.480	0.510	258	269	253
./AAR26729.1_89184.pdb	./KRT58684.1_54398.pdb	0.7640	0.7106	3.56	0.271	0.248	0.272	258	282	257
./AAR26729.1_89184.pdb	./RAJ96978.1_531312.pdb	0.7703	0.7159	3.56	0.298	0.273	0.300	258	282	257
./AAR26729.1_89184.pdb	./SDH13582.1_399736.pdb	0.8603	0.7697	2.73	0.333	0.296	0.341	258	291	252
./AAR26729.1_89184.pdb	./SFC91729.1_1123010.pdb	0.7063	0.6872	4.10	0.260	0.251	0.269	258	267	249
./AAR26729.1_89184.pdb	./SMO70825.1_686389.pdb	0.9660	0.9552	1.17	0.775	0.766	0.775	258	261	258
./AAR26729.1_89184.pdb	./KKC25997.1_133190.pdb	0.9136	0.8843	1.99	0.450	0.434	0.457	258	267	254
./AAR26729.1_89184.pdb	./RAI03600.1_2184697.pdb	0.9341	0.8907	1.70	0.508	0.483	0.516	258	271	254
./AAR26729.1_89184.pdb	./SDG46059.1_640205.pdb	0.9386	0.8001	1.40	0.426	0.362	0.437	258	304	252
./AAR26729.1_89184.pdb	./PCJ07742.1_1904441.pdb	0.8708	0.7997	2.58	0.403	0.367	0.409	258	283	254
./AAR26729.1_89184.pdb	./EBA16976.1_388739.pdb	0.9157	0.9712	0.85	0.709	0.753	0.759	258	243	241
./AAR26729.1_89184.pdb	./SFF69799.1_375451.pdb	0.9407	0.9372	1.54	0.543	0.541	0.551	258	259	254
./AAR26729.1_89184.pdb	./ETX29622.1_1449351.pdb	0.9440	0.9131	1.49	0.597	0.577	0.606	258	267	254
./AAR26729.1_89184.pdb	./BCD99572.1_2721545.pdb	0.9223	0.8957	1.90	0.426	0.414	0.433	258	266	254
./AAR26729.1_89184.pdb	./PRX05072.1_293089.pdb	0.8990	0.8493	2.23	0.477	0.449	0.484	258	274	254
./AAR26729.1_89184.pdb	./SCY37580.1_336292.pdb	0.9671	0.9186	1.15	0.682	0.647	0.682	258	272	258
./AAR26729.1_89184.pdb	./OEH85806.1_1390249.pdb	0.9168	0.8547	2.14	0.364	0.338	0.364	258	278	258
./AAR26729.1_89184.pdb	./SFM61040.1_254406.pdb	0.9610	0.9467	1.24	0.682	0.672	0.685	258	262	257
./AAR26729.1_89184.pdb	./PHQ86009.1_2030825.pdb	0.9692	0.9729	1.04	0.671	0.673	0.681	258	257	254
./AAR26729.1_89184.pdb	./SDC11313.1_1464122.pdb	0.8814	0.8599	2.52	0.368	0.358	0.368	258	265	258
./AAR26729.1_89184.pdb	./PLW75772.1_2067669.pdb	0.9217	0.8890	1.77	0.484	0.466	0.492	258	268	254
./AAR26729.1_89184.pdb	./VXC64718.1_2653159.pdb	0.8846	0.7879	2.27	0.403	0.356	0.411	258	292	253
./AAR26729.1_89184.pdb	./OIQ33085.1_1860092.pdb	0.8506	0.7750	2.77	0.430	0.388	0.437	258	286	254
./AAR26729.1_89184.pdb	./TCJ85317.1_634765.pdb	0.7195	0.6690	3.89	0.275	0.251	0.281	258	283	253
./AAR26729.1_89184.pdb	./ATC93201.1_314281.pdb	0.7274	0.7016	3.90	0.271	0.259	0.277	258	270	253
./AAR26729.1_89184.pdb	./QHF98500.1_2175864.pdb	0.7223	0.6354	3.75	0.310	0.267	0.333	258	300	240
./AAR26729.1_89184.pdb	./SHK56009.1_758803.pdb	0.8955	0.8294	2.28	0.391	0.361	0.398	258	280	254
./AAR26729.1_89184.pdb	./SHI46320.1_1168035.pdb	0.7608	0.7413	3.42	0.229	0.222	0.241	258	266	245
./AAR26729.1_89184.pdb	./OJH43902.1_1520813.pdb	0.9859	0.9495	0.85	0.667	0.642	0.667	258	268	258
./AAR26729.1_89184.pdb	./SFM90700.1_1720063.pdb	0.8939	0.7906	2.67	0.438	0.384	0.440	258	294	257
./AAR26729.1_89184.pdb	./PTW62137.1_665038.pdb	0.9220	0.8733	1.94	0.469	0.443	0.476	258	273	254
./AAR26729.1_89184.pdb	./SDN97797.1_745820.pdb	0.8318	0.7981	2.65	0.314	0.300	0.329	258	270	246
./AAR26729.1_89184.pdb	./KRS13484.1_1641875.pdb	0.9343	0.8753	1.62	0.562	0.525	0.573	258	276	253
./AAR26729.1_89184.pdb	./SDE51084.1_58114.pdb	0.7290	0.6738	4.03	0.291	0.264	0.299	258	284	251
./AAR26729.1_89184.pdb	./SEH89840.1_195088.pdb	0.8287	0.8171	2.87	0.357	0.351	0.369	258	262	249
./AAR26729.1_89184.pdb	./SDI78607.1_490829.pdb	0.9448	0.9556	1.50	0.566	0.573	0.575	258	255	254
./AAR26729.1_89184.pdb	./SDE06026.1_69960.pdb	0.9061	0.7635	2.17	0.461	0.385	0.469	258	309	254
./AAR26729.1_89184.pdb	./SIS85962.1_1086013.pdb	0.9930	0.9817	0.53	0.702	0.693	0.702	258	261	258
./AAR26729.1_89184.pdb	./KEJ90744.1_1300350.pdb	0.9962	0.9811	0.37	0.643	0.634	0.643	258	262	258
./AAR26729.1_89184.pdb	./OYD07350.1_1642702.pdb	0.8238	0.7336	2.32	0.360	0.318	0.397	258	292	234
./AAR26729.1_89184.pdb	./SEM89473.1_1077947.pdb	0.9849	0.9628	0.91	0.659	0.644	0.659	258	264	258
./AAR26729.1_89184.pdb	./PTR14074.1_43057.pdb	0.9719	0.9610	1.04	0.733	0.724	0.733	258	261	258
./AAR26729.1_89184.pdb	./PKP85351.1_2013665.pdb	0.9754	0.9608	0.96	0.667	0.656	0.667	258	262	258
./AAR26729.1_89184.pdb	./SDE61278.1_282683.pdb	0.9435	0.9543	1.55	0.562	0.569	0.571	258	255	254
./AAR26729.1_89184.pdb	./SEN75140.1_245187.pdb	0.9816	0.9525	0.82	0.667	0.647	0.667	258	266	258
./AAR26729.1_89184.pdb	./SNS81360.1_935700.pdb	0.9681	0.9681	0.79	0.671	0.671	0.681	258	258	254
./AAR26729.1_89184.pdb	./SFJ02504.1_1122600.pdb	0.9546	0.9731	1.02	0.651	0.664	0.664	258	253	253
./AAR26729.1_89184.pdb	./APZ53045.1_1250539.pdb	0.9403	0.9510	1.54	0.554	0.561	0.563	258	255	254
./AAR26729.1_89184.pdb	./PWV44475.1_1938893.pdb	0.8896	0.7753	2.45	0.395	0.341	0.398	258	299	256
./AAR26729.1_89184.pdb	./KIC41027.1_1577904.pdb	0.9459	0.9353	1.45	0.643	0.636	0.654	258	261	254
./AAR26729.1_89184.pdb	./SCF80811.1_1839780.pdb	0.7239	0.6355	3.90	0.279	0.239	0.298	258	301	242
./AAR26729.1_89184.pdb	./SCL49047.1_47855.pdb	0.7309	0.6513	3.58	0.287	0.251	0.314	258	295	236
./AAR26729.1_89184.pdb	./SFE41765.1_930128.pdb	0.8727	0.8032	2.80	0.333	0.305	0.340	258	282	253
./AAR26729.1_89184.pdb	./SEA03838.1_152573.pdb	0.7378	0.6914	3.88	0.302	0.279	0.304	258	280	257
./AAR26729.1_89184.pdb	./KPB02468.1_1514904.pdb	0.9573	0.9466	1.05	0.523	0.517	0.531	258	261	254
./AAR26729.1_89184.pdb	./SFL02512.1_1280847.pdb	0.9251	0.9217	1.78	0.558	0.556	0.567	258	259	254
./AAR26729.1_89184.pdb	./SMH35479.1_1162418.pdb	0.9214	0.8261	1.77	0.473	0.422	0.484	258	289	252
./AAR26729.1_89184.pdb	./SFS19487.1_1123755.pdb	0.9662	0.9699	0.84	0.705	0.708	0.717	258	257	254
./AAR26729.1_89184.pdb	./AWE54263.1_1827580.pdb	0.7150	0.6019	3.67	0.267	0.218	0.294	258	316	235
./AAR26729.1_89184.pdb	./TWA84826.1_192.pdb	0.9270	0.8237	1.97	0.450	0.397	0.451	258	292	257
./AAR26729.1_89184.pdb	./SBT88960.1_1839783.pdb	0.7208	0.6061	3.71	0.291	0.237	0.318	258	316	236
./AAR26729.1_89184.pdb	./RKL68809.1_885475.pdb	0.8337	0.7962	2.59	0.364	0.347	0.393	258	271	239
./AAR26729.1_89184.pdb	./OOY34812.1_2340.pdb	0.9049	0.8886	2.01	0.461	0.452	0.472	258	263	252
./AAR26729.1_89184.pdb	./QBF34115.1_2017482.pdb	0.9675	0.9638	1.14	0.748	0.745	0.748	258	259	258
./AAR26729.1_89184.pdb	./SDD20832.1_265719.pdb	0.9041	0.8690	2.20	0.481	0.461	0.488	258	269	254
./AAR26729.1_89184.pdb	./AXJ01281.1_1457365.pdb	0.8554	0.7308	2.41	0.310	0.262	0.329	258	305	243
./AAR26729.1_89184.pdb	./PWM95015.1_34012.pdb	0.7771	0.8368	2.53	0.291	0.315	0.332	258	238	226
./AAR26729.1_89184.pdb	./RKS10781.1_2183912.pdb	0.8552	0.7294	2.49	0.353	0.296	0.364	258	307	250
./AAR26729.1_89184.pdb	./SKA33548.1_1122192.pdb	0.8866	0.7288	2.18	0.333	0.270	0.337	258	319	255
./AAR26729.1_89184.pdb	./SEF41339.1_1798238.pdb	0.9338	0.8570	1.64	0.473	0.433	0.480	258	282	254
./AAR26729.1_89184.pdb	./SEQ05878.1_867345.pdb	0.8852	0.8332	2.48	0.453	0.425	0.466	258	275	251
./AAR26729.1_89184.pdb	./SDE08801.1_521013.pdb	0.8787	0.8686	0.99	0.612	0.605	0.687	258	261	230
./AAR26729.1_89184.pdb	./RPF23354.1_253184.pdb	0.8846	0.8194	2.16	0.376	0.346	0.386	258	280	251
./AAR26729.1_89184.pdb	./TDR93830.1_1339210.pdb	0.9078	0.8663	1.83	0.399	0.380	0.410	258	271	251
./AAR26729.1_89184.pdb	./SFM13266.1_1720063.pdb	0.9307	0.8877	1.74	0.492	0.469	0.500	258	271	254
./AAR26729.1_89184.pdb	./KJY40488.1_1609134.pdb	0.7124	0.6007	3.73	0.295	0.241	0.319	258	316	238
./AAR26729.1_89184.pdb	./PWV52935.1_1938893.pdb	0.8604	0.7544	2.37	0.368	0.319	0.378	258	298	251
./AAR26729.1_89184.pdb	./SFL81618.1_1420917.pdb	0.7459	0.7058	3.77	0.291	0.272	0.296	258	276	253
./AAR26729.1_89184.pdb	./PUB28895.1_2135723.pdb	0.8789	0.8170	2.22	0.380	0.351	0.392	258	279	250
./AAR26729.1_89184.pdb	./RED52162.1_1461337.pdb	0.9131	0.8306	2.01	0.481	0.435	0.488	258	285	254
./AAR26729.1_89184.pdb	./OIJ20386.1_472963.pdb	0.8948	0.8487	2.15	0.372	0.352	0.379	258	273	253
./AAR26729.1_89184.pdb	./ANJ11144.1_146923.pdb	0.7052	0.6037	4.00	0.298	0.248	0.321	258	311	240
./AAR26729.1_89184.pdb	./SDC09976.1_67344.pdb	0.7370	0.6144	3.67	0.287	0.232	0.307	258	319	241
./AAR26729.1_89184.pdb	./SJM59170.1_1255656.pdb	0.8551	0.8582	2.71	0.353	0.354	0.367	258	257	248
./AAR26729.1_89184.pdb	./PXW83556.1_1494959.pdb	0.8634	0.8170	2.40	0.302	0.285	0.312	258	274	250
./AAR26729.1_89184.pdb	./SEG91587.1_1144553.pdb	0.9122	0.9088	1.26	0.442	0.440	0.465	258	259	245
./AAR26729.1_89184.pdb	./PSL00734.1_645275.pdb	0.8982	0.8545	1.94	0.419	0.397	0.430	258	272	251
./AAR26729.1_89184.pdb	./OKL42731.1_197461.pdb	0.7597	0.8516	2.30	0.426	0.482	0.505	258	228	218
./AAR26729.1_89184.pdb	./SOD92025.1_414052.pdb	0.8887	0.7909	2.47	0.473	0.418	0.480	258	292	254
./AAR26729.1_89184.pdb	./SCZ72287.1_1156985.pdb	0.9443	0.9443	1.47	0.570	0.570	0.579	258	258	254
./AAR26729.1_89184.pdb	./PJM84260.1_2020331.pdb	0.7216	0.6060	3.59	0.291	0.237	0.321	258	316	234
./AAR26729.1_89184.pdb	./RKQ72573.1_526216.pdb	0.9154	0.9021	2.01	0.523	0.515	0.531	258	262	254
./AAR26729.1_89184.pdb	./OJF92474.1_1798805.pdb	0.9332	0.9367	1.64	0.558	0.560	0.567	258	257	254
./AAR26729.1_89184.pdb	./KZN66471.1_1365248.pdb	0.8979	0.8692	2.01	0.457	0.442	0.470	258	267	251
./AAR26729.1_89184.pdb	./TVZ50511.1_192.pdb	0.9164	0.8196	1.98	0.446	0.397	0.453	258	290	254
./AAR26729.1_89184.pdb	./SEA94409.1_1122198.pdb	0.7266	0.6830	3.88	0.174	0.162	0.184	258	278	245
./AAR26729.1_89184.pdb	./PKQ12654.1_2013655.pdb	0.9753	0.9363	0.97	0.686	0.658	0.686	258	269	258
./AAR26729.1_89184.pdb	./SJM64377.1_1434829.pdb	0.8769	0.8347	2.50	0.329	0.312	0.337	258	272	252
./AAR26729.1_89184.pdb	./SEN30807.1_77097.pdb	0.7427	0.6756	3.90	0.271	0.241	0.272	258	290	257
./AAR26729.1_89184.pdb	./TWH69711.1_1880.pdb	0.7640	0.6479	3.23	0.295	0.244	0.321	258	311	237
./AAR26729.1_89184.pdb	./SCG39234.1_291594.pdb	0.7067	0.5958	3.86	0.236	0.194	0.261	258	315	234
./AAR26729.1_89184.pdb	./KOU30769.1_1415555.pdb	0.7244	0.6121	3.92	0.298	0.244	0.317	258	315	243
./AAR26729.1_89184.pdb	./OOC09152.1_252474.pdb	0.8846	0.8104	2.47	0.399	0.364	0.410	258	283	251
./AAR26729.1_89184.pdb	./KAF7783627.1_43658.pdb	0.8883	0.8632	2.17	0.438	0.425	0.450	258	266	251
./AAR26729.1_89184.pdb	./SEI12475.1_173990.pdb	0.9301	0.8657	1.69	0.446	0.414	0.453	258	278	254
./AAR26729.1_89184.pdb	./OAN90646.1_1342299.pdb	0.8805	0.8247	2.37	0.415	0.386	0.421	258	277	254
./AAR26729.1_89184.pdb	./SIR80718.1_1198245.pdb	0.7116	0.6235	3.71	0.252	0.216	0.279	258	301	233
./AAR26729.1_89184.pdb	./BBF79806.1_78587.pdb	0.9120	0.8700	1.72	0.388	0.369	0.400	258	271	250
./AAR26729.1_89184.pdb	./SHH60333.1_996342.pdb	0.9341	0.8939	1.61	0.578	0.552	0.589	258	270	253
./AAR26729.1_89184.pdb	./SDD89996.1_1115567.pdb	0.7227	0.6155	3.80	0.275	0.228	0.295	258	312	241
./AAR26729.1_89184.pdb	./PSJ30681.1_35764.pdb	0.7319	0.6355	3.78	0.283	0.239	0.300	258	305	243
./AAR26729.1_89184.pdb	./AVR00721.1_182710.pdb	0.9017	0.8952	2.04	0.372	0.369	0.379	258	260	253
./AAR26729.1_89184.pdb	./QSR23662.1_2016196.pdb	0.8884	0.7889	2.37	0.353	0.311	0.358	258	293	254
./AAR26729.1_89184.pdb	./OOZ39751.1_642797.pdb	0.9092	0.8646	2.18	0.481	0.456	0.488	258	272	254
./AAR26729.1_89184.pdb	./SIR20007.1_1198245.pdb	0.7576	0.5978	3.40	0.252	0.192	0.271	258	338	240
./AAR26729.1_89184.pdb	./KPP96358.1_1666909.pdb	0.8154	0.6869	2.73	0.298	0.248	0.321	258	311	240
./AAR26729.1_89184.pdb	./EJZ77745.1_1169410.pdb	0.8275	0.8134	2.68	0.388	0.380	0.405	258	263	247
./AAR26729.1_89184.pdb	./SDG07793.1_1123362.pdb	0.9539	0.8162	1.42	0.523	0.446	0.525	258	303	257
./AAR26729.1_89184.pdb	./SFI25457.1_1005945.pdb	0.8667	0.8096	2.49	0.364	0.338	0.372	258	278	253
./AAR26729.1_89184.pdb	./KGF71017.1_1547437.pdb	0.9273	0.8942	1.68	0.484	0.466	0.492	258	268	254
./AAR26729.1_89184.pdb	./ARX83299.1_67267.pdb	0.7210	0.6255	3.84	0.260	0.220	0.279	258	305	240
./AAR26729.1_89184.pdb	./SDN39488.1_745820.pdb	0.9056	0.8624	2.08	0.391	0.371	0.391	258	272	258
./AAR26729.1_89184.pdb	./SDR21092.1_35622.pdb	0.9086	0.8557	2.11	0.419	0.393	0.422	258	275	256
./AAR26729.1_89184.pdb	./OLS35985.1_79885.pdb	0.8682	0.7951	2.62	0.364	0.331	0.370	258	284	254
./AAR26729.1_89184.pdb	./OAB54987.1_399101.pdb	0.9147	0.8916	2.04	0.481	0.468	0.488	258	265	254
./AAR26729.1_89184.pdb	./SIQ64388.1_49186.pdb	0.7351	0.6924	3.90	0.287	0.266	0.289	258	278	256
./AAR26729.1_89184.pdb	./SHK24723.1_564117.pdb	0.7316	0.6767	3.92	0.291	0.264	0.296	258	284	253
./AAR26729.1_89184.pdb	./TQN30300.1_405555.pdb	0.8746	0.7857	2.33	0.395	0.352	0.402	258	290	254
./AAR26729.1_89184.pdb	./SOD81556.1_1938833.pdb	0.7546	0.5637	3.45	0.295	0.211	0.315	258	360	241
./AAR26729.1_89184.pdb	./SFC24247.1_547162.pdb	0.7224	0.6251	3.84	0.256	0.216	0.275	258	306	240
./AAR26729.1_89184.pdb	./KHA50277.1_1342299.pdb	0.9912	0.9837	0.57	0.667	0.662	0.667	258	260	258
./AAR26729.1_89184.pdb	./AJE45371.1_1208324.pdb	0.9558	0.9668	1.07	0.651	0.659	0.661	258	255	254
./AAR26729.1_89184.pdb	./KPP89101.1_1666913.pdb	0.9420	0.9046	1.50	0.589	0.565	0.598	258	269	254
./AAR26729.1_89184.pdb	./ROO89027.1_58109.pdb	0.8830	0.8380	2.19	0.450	0.425	0.458	258	273	253
./AAR26729.1_89184.pdb	./RZS39106.1_1872711.pdb	0.7934	0.7961	2.95	0.279	0.280	0.296	258	257	243
./AAR26729.1_89184.pdb	./RCW65848.1_930114.pdb	0.8223	0.7782	3.22	0.337	0.318	0.349	258	274	249
./AAR26729.1_89184.pdb	./PFG96220.1_405948.pdb	0.8972	0.8811	2.51	0.411	0.403	0.412	258	263	257
./AAR26729.1_89184.pdb	./TQL67606.1_1175486.pdb	0.8304	0.7867	2.64	0.411	0.388	0.451	258	273	235
./AAR26729.1_89184.pdb	./OUD16043.1_1570016.pdb	0.9231	0.8447	1.90	0.446	0.406	0.453	258	283	254
./AAR26729.1_89184.pdb	./PLX38662.1_1909294.pdb	0.9224	0.8958	1.93	0.488	0.474	0.496	258	266	254
./AAR26729.1_89184.pdb	./PQO24699.1_2086263.pdb	0.9754	0.9754	0.89	0.682	0.682	0.690	258	258	255
./AAR26729.1_89184.pdb	./SEN71074.1_46177.pdb	0.9483	0.8793	1.53	0.446	0.412	0.447	258	279	257
./AAR26729.1_89184.pdb	./SDI66345.1_1004279.pdb	0.9298	0.8684	1.71	0.484	0.451	0.492	258	277	254
./AAR26729.1_89184.pdb	./SHG01364.1_930117.pdb	0.9099	0.8969	1.96	0.368	0.363	0.373	258	262	255
./AAR26729.1_89184.pdb	./SDK27527.1_417292.pdb	0.6943	0.6017	3.94	0.205	0.173	0.227	258	306	233
./AAR26729.1_89184.pdb	./RAK43208.1_1287878.pdb	0.7791	0.7136	3.23	0.271	0.246	0.289	258	285	242
./AAR26729.1_89184.pdb	./OBR63468.1_1844972.pdb	0.9037	0.8049	2.16	0.384	0.339	0.387	258	292	256
./AAR26729.1_89184.pdb	./AXX29817.1_103721.pdb	0.9198	0.8842	1.87	0.403	0.387	0.406	258	269	256
./AAR26729.1_89184.pdb	./SHL52741.1_735517.pdb	0.9100	0.8904	2.08	0.484	0.473	0.492	258	264	254
./AAR26729.1_89184.pdb	./SEL91013.1_650850.pdb	0.7133	0.6566	4.01	0.298	0.268	0.302	258	287	255
./AAR26729.1_89184.pdb	./PWA09452.1_2171751.pdb	0.8105	0.7882	3.24	0.349	0.338	0.366	258	266	246
./AAR26729.1_89184.pdb	./PRY38214.1_84725.pdb	0.8659	0.8297	2.85	0.360	0.344	0.369	258	270	252
./AAR26729.1_89184.pdb	./SFD18535.1_1229727.pdb	0.9441	0.9549	1.50	0.554	0.561	0.563	258	255	254
./AAR26729.1_89184.pdb	./SNS36816.1_235986.pdb	0.7231	0.6008	3.85	0.275	0.220	0.292	258	322	243
./AAR26729.1_89184.pdb	./PWJ16519.1_475081.pdb	0.9706	0.9526	1.06	0.674	0.662	0.674	258	263	258
./AAR26729.1_89184.pdb	./TCT03692.1_747076.pdb	0.9364	0.8622	1.60	0.492	0.452	0.500	258	281	254
./AAR26729.1_89184.pdb	./RAI03831.1_2184697.pdb	0.9130	0.8899	1.95	0.504	0.491	0.516	258	265	252
./AAR26729.1_89184.pdb	./KJZ21274.1_579483.pdb	0.9929	0.9816	0.51	0.667	0.659	0.667	258	261	258
./AAR26729.1_89184.pdb	./PTX51447.1_1267769.pdb	0.9711	0.9602	1.06	0.717	0.709	0.717	258	261	258
./AAR26729.1_89184.pdb	./PLS22865.1_2035344.pdb	0.9318	0.8983	1.71	0.554	0.534	0.563	258	268	254
./AAR26729.1_89184.pdb	./PIV73982.1_1974083.pdb	0.9411	0.9519	1.54	0.550	0.557	0.559	258	255	254
./AAR26729.1_89184.pdb	./PBC66162.1_1938860.pdb	0.7167	0.5988	3.88	0.267	0.216	0.287	258	319	240
./AAR26729.1_89184.pdb	./OIJ93008.1_1428652.pdb	0.7561	0.6854	3.33	0.295	0.263	0.317	258	289	240
./AAR26729.1_89184.pdb	./ERP88401.1_1397530.pdb	0.9186	0.7924	1.97	0.504	0.432	0.512	258	301	254
./AAR26729.1_89184.pdb	./KUF09549.1_1685382.pdb	0.9807	0.9845	0.37	0.764	0.767	0.776	258	257	254
./AAR26729.1_89184.pdb	./SBO95090.1_93944.pdb	0.8952	0.7831	2.21	0.376	0.327	0.386	258	297	251
./AAR26729.1_89184.pdb	./TDQ45937.1_1510150.pdb	0.9060	0.8322	2.25	0.461	0.422	0.470	258	282	253
./AAR26729.1_89184.pdb	./RZS41120.1_1872711.pdb	0.9301	0.8776	1.64	0.422	0.398	0.431	258	274	253
./AAR26729.1_89184.pdb	./ETA52969.2_1169855.pdb	0.9432	0.9090	1.53	0.628	0.604	0.638	258	268	254
./AAR26729.1_89184.pdb	./SER62638.1_531814.pdb	0.8253	0.8166	3.14	0.360	0.356	0.372	258	261	250
./AAR26729.1_89184.pdb	./PRX97217.1_1144618.pdb	0.9069	0.8845	2.00	0.430	0.419	0.434	258	265	256
./AAR26729.1_89184.pdb	./OAN69302.1_1849359.pdb	0.9349	0.9349	1.66	0.597	0.597	0.606	258	258	254
./AAR26729.1_89184.pdb	./PWK53039.1_523701.pdb	0.9332	0.8936	1.74	0.469	0.448	0.471	258	270	257
./AAR26729.1_89184.pdb	./PJN18539.1_2020327.pdb	0.7388	0.6198	3.46	0.291	0.237	0.312	258	317	240
./AAR26729.1_89184.pdb	./TDQ83867.1_578943.pdb	0.9263	0.9094	1.78	0.492	0.483	0.500	258	263	254
./AAR26729.1_89184.pdb	./SFC78256.1_441112.pdb	0.9870	0.9367	0.79	0.690	0.654	0.690	258	272	258
./AAR26729.1_89184.pdb	./VVJ15040.1_2606593.pdb	0.9345	0.9008	1.50	0.403	0.388	0.411	258	268	253
./AAR26729.1_89184.pdb	./ROS05355.1_933926.pdb	0.7066	0.6725	4.13	0.291	0.273	0.294	258	275	255
./AAR26729.1_89184.pdb	./APE42054.1_1917485.pdb	0.9810	0.9773	0.87	0.674	0.672	0.677	258	259	257
./AAR26729.1_89184.pdb	./TDQ45606.1_1605990.pdb	0.8908	0.7684	2.21	0.380	0.323	0.381	258	303	257
./AAR26729.1_89184.pdb	./SBV27043.1_307121.pdb	0.8106	0.6902	3.22	0.264	0.219	0.268	258	310	254
./AAR26729.1_89184.pdb	./GAE06271.1_1236974.pdb	0.7763	0.7682	3.54	0.337	0.333	0.358	258	261	243
./AAR26729.1_89184.pdb	./RKE02154.1_1117708.pdb	0.7837	0.7459	3.15	0.198	0.187	0.210	258	273	243
./AAR26729.1_89184.pdb	./OJJ13411.1_1905358.pdb	0.9196	0.8996	1.96	0.523	0.511	0.531	258	264	254
./AAR26729.1_89184.pdb	./SDI60767.1_29435.pdb	0.9299	0.8901	1.49	0.426	0.407	0.437	258	270	252
./AAR26729.1_89184.pdb	./SDT59519.1_113562.pdb	0.7553	0.6877	3.33	0.271	0.244	0.297	258	287	236
./AAR26729.1_89184.pdb	./TVZ39143.1_1403320.pdb	0.7201	0.6906	3.90	0.275	0.261	0.282	258	272	252
./AAR26729.1_89184.pdb	./TCP35190.1_1188247.pdb	0.8927	0.8096	2.54	0.488	0.441	0.496	258	286	254
./AAR26729.1_89184.pdb	./SIN61302.1_1123272.pdb	0.9278	0.9419	1.69	0.496	0.504	0.506	258	254	253
./AAR26729.1_89184.pdb	./RVX40238.1_46176.pdb	0.8873	0.8746	2.20	0.430	0.424	0.440	258	262	252
./AAR26729.1_89184.pdb	./SFJ79460.1_390807.pdb	0.9808	0.9884	0.54	0.705	0.711	0.714	258	256	255
./AAR26729.1_89184.pdb	./KJD54849.1_1390.pdb	0.8029	0.7556	3.26	0.376	0.351	0.391	258	276	248
./AAR26729.1_89184.pdb	./SFK90335.1_195913.pdb	0.9887	0.9593	0.64	0.674	0.654	0.674	258	266	258
./AAR26729.1_89184.pdb	./SEW41763.1_364200.pdb	0.9836	0.9912	0.42	0.694	0.699	0.702	258	256	255
./AAR26729.1_89184.pdb	./KYZ85933.1_1817793.pdb	0.9360	0.8680	1.54	0.465	0.430	0.472	258	279	254
./AAR26729.1_89184.pdb	./PKP80376.1_2013664.pdb	0.8800	0.7971	2.37	0.322	0.289	0.328	258	287	253
./AAR26729.1_89184.pdb	./SNZ21630.1_372072.pdb	0.9027	0.8531	2.13	0.484	0.456	0.492	258	274	254
./AAR26729.1_89184.pdb	./PPK53519.1_930118.pdb	0.7348	0.7018	3.91	0.283	0.267	0.289	258	273	253
./AAR26729.1_89184.pdb	./PRX40325.1_201975.pdb	0.8833	0.8414	2.19	0.368	0.349	0.374	258	272	254
./AAR26729.1_89184.pdb	./SDF29088.1_86103.pdb	0.7194	0.6671	4.19	0.283	0.258	0.290	258	283	252
./AAR26729.1_89184.pdb	./SEO74380.1_569882.pdb	0.9720	0.9833	0.68	0.690	0.698	0.701	258	255	254
./AAR26729.1_89184.pdb	./ALO45085.1_1249552.pdb	0.9382	0.8853	1.48	0.446	0.420	0.453	258	274	254
./AAR26729.1_89184.pdb	./PIY73416.1_1974084.pdb	0.9887	0.9775	0.64	0.651	0.644	0.651	258	261	258
./AAR26729.1_89184.pdb	./SDJ78621.1_683260.pdb	0.8883	0.8368	2.17	0.411	0.385	0.421	258	275	252
./AAR26729.1_89184.pdb	./APX13138.1_299262.pdb	0.9640	0.9752	0.79	0.705	0.714	0.719	258	255	253
./AAR26729.1_89184.pdb	./TWH31566.1_935260.pdb	0.9176	0.9109	1.94	0.415	0.412	0.421	258	260	254
./AAR26729.1_89184.pdb	./SDK29604.1_376427.pdb	0.7344	0.6771	3.88	0.298	0.269	0.300	258	286	257
./AAR26729.1_89184.pdb	./BBB26251.1_1278309.pdb	0.7677	0.7439	3.68	0.306	0.295	0.307	258	268	257
./AAR26729.1_89184.pdb	./OYU17162.1_2015578.pdb	0.9377	0.9448	1.56	0.516	0.520	0.526	258	256	253
./AAR26729.1_89184.pdb	./SET20381.1_430453.pdb	0.7528	0.7142	3.67	0.275	0.258	0.281	258	275	253
./AAR26729.1_89184.pdb	./TCP40260.1_320662.pdb	0.9840	0.9238	0.96	0.713	0.669	0.713	258	275	258
./AAR26729.1_89184.pdb	./PJF10170.1_2052957.pdb	0.9589	0.9446	1.13	0.655	0.645	0.663	258	262	255
./AAR26729.1_89184.pdb	./OAN74145.1_60137.pdb	0.9884	0.9697	0.38	0.690	0.677	0.695	258	263	256
./AAR26729.1_89184.pdb	./OWY14254.1_1973004.pdb	0.9595	0.9314	1.09	0.609	0.590	0.616	258	266	255
./AAR26729.1_89184.pdb	./VTP50647.1_28108.pdb	0.7134	0.6606	4.03	0.283	0.257	0.292	258	284	250
./AAR26729.1_89184.pdb	./PHQ98669.1_2030815.pdb	0.9267	0.9032	1.79	0.450	0.438	0.457	258	265	254
./AAR26729.1_89184.pdb	./SFI94455.1_289370.pdb	0.9373	0.8937	1.38	0.434	0.413	0.444	258	271	252
./AAR26729.1_89184.pdb	./RPF53980.1_485577.pdb	0.9074	0.9008	2.03	0.384	0.381	0.390	258	260	254
./AAR26729.1_89184.pdb	./OFE12956.1_1524254.pdb	0.9328	0.9026	1.59	0.453	0.438	0.461	258	267	254
./AAR26729.1_89184.pdb	./OMF04753.1_1920421.pdb	0.7985	0.7336	3.33	0.326	0.296	0.333	258	284	252
./AAR26729.1_89184.pdb	./EGF91403.1_715226.pdb	0.8288	0.8870	2.00	0.388	0.417	0.429	258	240	233
./AAR26729.1_89184.pdb	./OSQ65858.1_505252.pdb	0.9776	0.9929	0.34	0.702	0.713	0.715	258	254	253
./AAR26729.1_89184.pdb	./PSL41576.1_1176648.pdb	0.8430	0.8255	2.66	0.380	0.371	0.394	258	264	249
./AAR26729.1_89184.pdb	./SDF79689.1_218672.pdb	0.9240	0.7334	1.87	0.597	0.470	0.606	258	328	254
./AAR26729.1_89184.pdb	./KHF41774.1_333138.pdb	0.9018	0.9050	1.93	0.395	0.397	0.402	258	257	254
./AAR26729.1_89184.pdb	./PWG16456.1_1914409.pdb	0.9570	0.9607	1.04	0.705	0.708	0.717	258	257	254
./AAR26729.1_89184.pdb	./SOD95440.1_414052.pdb	0.9013	0.8119	2.30	0.453	0.406	0.461	258	288	254
./AAR26729.1_89184.pdb	./SEI89224.1_1144548.pdb	0.7275	0.6313	3.69	0.287	0.243	0.314	258	304	236
./AAR26729.1_89184.pdb	./APH73430.1_1670800.pdb	0.9387	0.9282	1.58	0.496	0.490	0.504	258	261	254
./AAR26729.1_89184.pdb	./PHP65267.1_1982044.pdb	0.9178	0.9111	1.97	0.492	0.488	0.500	258	260	254
./AAR26729.1_89184.pdb	./OAN72179.1_1849170.pdb	0.9848	0.9810	0.53	0.698	0.695	0.703	258	259	256
./AAR26729.1_89184.pdb	./KPP84396.1_1666914.pdb	0.9880	0.9694	0.66	0.686	0.673	0.686	258	263	258
./AAR26729.1_89184.pdb	./OMI10047.1_1925020.pdb	0.8072	0.7546	3.22	0.364	0.338	0.379	258	278	248
./AAR26729.1_89184.pdb	./SIT65680.1_233100.pdb	0.8890	0.8282	2.42	0.434	0.403	0.446	258	278	251
./AAR26729.1_89184.pdb	./PYF78944.1_491949.pdb	0.9415	0.8850	1.50	0.426	0.400	0.433	258	275	254
./AAR26729.1_89184.pdb	./VVT26420.1_2038388.pdb	0.9302	0.9001	1.64	0.484	0.468	0.492	258	267	254
./AAR26729.1_89184.pdb	./REF36452.1_696763.pdb	0.9358	0.8707	1.45	0.407	0.378	0.415	258	278	253
./AAR26729.1_89184.pdb	./ROP42346.1_103734.pdb	0.9118	0.8986	1.91	0.376	0.370	0.382	258	262	254
./AAR26729.1_89184.pdb	./PVE04922.1_1440053.pdb	0.7424	0.6359	3.57	0.310	0.259	0.332	258	309	241
./AAR26729.1_89184.pdb	./OMG54704.1_418702.pdb	0.8949	0.8482	2.41	0.388	0.366	0.395	258	273	253
./AAR26729.1_89184.pdb	./TDS95280.1_1037362.pdb	0.9578	0.9471	1.34	0.686	0.678	0.686	258	261	258
./AAR26729.1_89184.pdb	./ATG48779.1_1758178.pdb	0.9401	0.9545	1.49	0.574	0.583	0.585	258	254	253
./AAR26729.1_89184.pdb	./RIA55248.1_933063.pdb	0.9230	0.7833	1.82	0.461	0.389	0.470	258	306	253
./AAR26729.1_89184.pdb	./SDF70141.1_284577.pdb	0.7344	0.6961	3.75	0.186	0.175	0.198	258	275	243
./AAR26729.1_89184.pdb	./SFJ75164.1_240302.pdb	0.7601	0.8067	3.01	0.326	0.347	0.377	258	242	223
./AAR26729.1_89184.pdb	./EAU40305.1_314231.pdb	0.9406	0.9199	1.49	0.504	0.492	0.512	258	264	254
./AAR26729.1_89184.pdb	./TWI57904.1_688079.pdb	0.8972	0.8516	2.18	0.395	0.374	0.397	258	273	257
./AAR26729.1_89184.pdb	./GAE33990.1_1236973.pdb	0.8703	0.8261	2.21	0.279	0.264	0.288	258	273	250
./AAR26729.1_89184.pdb	./SMR69173.1_518898.pdb	0.7469	0.7033	3.77	0.298	0.277	0.301	258	278	256
./AAR26729.1_89184.pdb	./SHM58152.1_1155722.pdb	0.9386	0.9316	1.62	0.585	0.581	0.594	258	260	254
./AAR26729.1_89184.pdb	./AXI48438.1_1389005.pdb	0.9831	0.9683	0.79	0.636	0.626	0.636	258	262	258
./AAR26729.1_89184.pdb	./TDT29052.1_993414.pdb	0.8427	0.8256	2.52	0.349	0.341	0.359	258	264	251
./AAR26729.1_89184.pdb	./KMJ59244.1_1665556.pdb	0.8205	0.7867	2.86	0.322	0.307	0.346	258	270	240
./AAR26729.1_89184.pdb	./AYL40311.1_68203.pdb	0.7174	0.5915	3.70	0.271	0.216	0.294	258	324	238
./AAR26729.1_89184.pdb	./SFN94504.1_655353.pdb	0.9137	0.8814	1.91	0.481	0.463	0.488	258	268	254
./AAR26729.1_89184.pdb	./AHK80479.1_421628.pdb	0.9249	0.8410	1.71	0.426	0.386	0.433	258	285	254
./AAR26729.1_89184.pdb	./SHF18724.1_1402135.pdb	0.9405	0.8967	1.57	0.558	0.531	0.567	258	271	254
./AAR26729.1_89184.pdb	./KJK46227.1_1609137.pdb	0.6742	0.5919	4.50	0.252	0.215	0.269	258	303	242
./AAR26729.1_89184.pdb	./SNT28139.1_447679.pdb	0.8956	0.8612	2.34	0.368	0.353	0.374	258	269	254
./AAR26729.1_89184.pdb	./SET30946.1_349064.pdb	0.6903	0.6215	4.38	0.260	0.227	0.266	258	295	252
./AAR26729.1_89184.pdb	./TDR05579.1_28254.pdb	0.7097	0.6795	3.94	0.155	0.147	0.166	258	272	241
./AAR26729.1_89184.pdb	./PSK88771.1_645275.pdb	0.9055	0.7935	2.03	0.384	0.333	0.388	258	297	255
./AAR26729.1_89184.pdb	./PZG07079.1_1655439.pdb	0.7693	0.6193	3.45	0.264	0.206	0.280	258	330	243
./AAR26729.1_89184.pdb	./KGA97090.1_1218173.pdb	0.8770	0.8213	2.49	0.353	0.329	0.358	258	277	254
./AAR26729.1_89184.pdb	./AEP10534.1_856793.pdb	0.8887	0.8791	2.04	0.411	0.406	0.426	258	261	249
./AAR26729.1_89184.pdb	./SEL45175.1_641665.pdb	0.7549	0.7385	3.78	0.306	0.298	0.309	258	265	256
./AAR26729.1_89184.pdb	./SES08768.1_641238.pdb	0.9933	0.9600	0.50	0.663	0.640	0.663	258	267	258
./AAR26729.1_89184.pdb	./SEK80302.1_658057.pdb	0.9320	0.9498	1.54	0.519	0.530	0.532	258	253	252
./AAR26729.1_89184.pdb	./SEH03201.1_1144553.pdb	0.8992	0.7048	2.16	0.411	0.318	0.422	258	333	251
./AAR26729.1_89184.pdb	./SCY46432.1_381306.pdb	0.9036	0.8247	2.27	0.426	0.387	0.433	258	284	254
./AAR26729.1_89184.pdb	./PKV63769.1_1336805.pdb	0.7849	0.7823	2.90	0.202	0.201	0.217	258	259	240
./AAR26729.1_89184.pdb	./PXW78302.1_1938819.pdb	0.9949	0.9835	0.44	0.744	0.736	0.744	258	261	258
./AAR26729.1_89184.pdb	./KJS26208.1_1629720.pdb	0.8829	0.7768	2.47	0.349	0.304	0.354	258	296	254
./AAR26729.1_89184.pdb	./EMD25427.1_1238180.pdb	0.9280	0.9012	1.67	0.391	0.380	0.399	258	266	253
./AAR26729.1_89184.pdb	./KYG32141.1_519424.pdb	0.8690	0.8167	2.42	0.349	0.326	0.357	258	276	252
./AAR26729.1_89184.pdb	./SDX07116.1_589385.pdb	0.9202	0.8842	1.82	0.407	0.390	0.415	258	269	253
./AAR26729.1_89184.pdb	./TWE06611.1_2572911.pdb	0.9313	0.8850	1.49	0.426	0.404	0.437	258	272	252
./AAR26729.1_89184.pdb	./TWF79460.1_1128676.pdb	0.9284	0.8855	1.61	0.430	0.410	0.439	258	271	253
./AAR26729.1_89184.pdb	./SFK09795.1_285279.pdb	0.9127	0.8864	2.09	0.430	0.417	0.439	258	266	253
./AAR26729.1_89184.pdb	./KPD11837.1_1225647.pdb	0.8805	0.8055	2.43	0.426	0.387	0.433	258	284	254
./AAR26729.1_89184.pdb	./TCM82039.1_540251.pdb	0.9861	0.9256	0.92	0.702	0.658	0.702	258	275	258
./AAR26729.1_89184.pdb	./TDR20637.1_644220.pdb	0.7646	0.7480	3.46	0.275	0.268	0.281	258	265	253
./AAR26729.1_89184.pdb	./SIO49226.1_1882821.pdb	0.9773	0.8887	1.16	0.725	0.658	0.728	258	284	257
./AAR26729.1_89184.pdb	./AUH34701.1_1529068.pdb	0.9606	0.8903	1.37	0.655	0.606	0.655	258	279	258
./AAR26729.1_89184.pdb	./SDI65941.1_549003.pdb	0.9097	0.8718	2.08	0.364	0.348	0.366	258	270	257
./AAR26729.1_89184.pdb	./KPB03026.1_1643452.pdb	0.8389	0.8122	2.57	0.337	0.326	0.364	258	267	239
./AAR26729.1_89184.pdb	./SFP04641.1_867.pdb	0.7990	0.6467	2.74	0.213	0.170	0.236	258	324	233
./AAR26729.1_89184.pdb	./PSL50801.1_517424.pdb	0.8877	0.8121	2.42	0.395	0.359	0.398	258	284	256
./AAR26729.1_89184.pdb	./SCL52851.1_227316.pdb	0.7786	0.6494	3.47	0.267	0.218	0.282	258	317	245
./AAR26729.1_89184.pdb	./AVG23397.1_1159327.pdb	0.7697	0.6267	3.49	0.229	0.181	0.243	258	326	243
./AAR26729.1_89184.pdb	./ROQ94088.1_2485161.pdb	0.6787	0.5772	4.32	0.271	0.222	0.287	258	316	244
./AAR26729.1_89184.pdb	./PTN33495.1_2109626.pdb	0.9240	0.8695	1.84	0.508	0.476	0.512	258	275	256
./AAR26729.1_89184.pdb	./SFP30995.1_289003.pdb	0.8841	0.8409	2.56	0.453	0.430	0.462	258	272	253
./AAR26729.1_89184.pdb	./SFZ82155.1_665118.pdb	0.9340	0.9169	1.53	0.535	0.525	0.543	258	263	254
./AAR26729.1_89184.pdb	./AST93826.1_33932.pdb	0.8293	0.8001	2.25	0.326	0.313	0.359	258	268	234
./AAR26729.1_89184.pdb	./SFJ85059.1_83771.pdb	0.9142	0.8188	2.05	0.372	0.331	0.375	258	290	256
./AAR26729.1_89184.pdb	./SER47519.1_1601833.pdb	0.8379	0.8002	2.67	0.360	0.343	0.386	258	271	241
./AAR26729.1_89184.pdb	./OIJ15977.1_85682.pdb	0.8754	0.8394	2.43	0.345	0.330	0.352	258	270	253
./AAR26729.1_89184.pdb	./TDO09202.1_2512165.pdb	0.7389	0.6329	3.40	0.256	0.214	0.282	258	308	234
./AAR26729.1_89184.pdb	./TCT42856.1_293089.pdb	0.9015	0.8636	2.17	0.473	0.452	0.480	258	270	254
./AAR26729.1_89184.pdb	./KZN45415.1_1365251.pdb	0.8913	0.8816	2.29	0.434	0.429	0.443	258	261	253
./AAR26729.1_89184.pdb	./PTM59617.1_1121389.pdb	0.8450	0.7509	2.94	0.357	0.314	0.371	258	293	248
./AAR26729.1_89184.pdb	./SKB39924.1_505249.pdb	0.9192	0.9158	1.77	0.388	0.386	0.398	258	259	251
./AAR26729.1_89184.pdb	./TDQ44926.1_360241.pdb	0.9126	0.8004	2.07	0.426	0.372	0.433	258	296	254
./AAR26729.1_89184.pdb	./EAQ03154.1_252305.pdb	0.8787	0.8013	2.49	0.403	0.365	0.409	258	285	254
./AAR26729.1_89184.pdb	./GAE30429.1_1236971.pdb	0.8562	0.8130	2.51	0.287	0.271	0.296	258	273	250
./AAR26729.1_89184.pdb	./PCJ09789.1_1904441.pdb	0.9425	0.9251	1.45	0.609	0.597	0.618	258	263	254
./AAR26729.1_89184.pdb	./QDI67657.1_67282.pdb	0.7177	0.6070	3.95	0.264	0.216	0.281	258	315	242
./AAR26729.1_89184.pdb	./RAS35032.1_1895.pdb	0.7463	0.6753	3.57	0.291	0.259	0.309	258	290	243
./AAR26729.1_89184.pdb	./PAK22022.1_2026340.pdb	0.7354	0.6379	3.68	0.291	0.246	0.310	258	305	242
./AAR26729.1_89184.pdb	./SNY96534.1_1761789.pdb	0.7285	0.6650	4.14	0.283	0.253	0.284	258	289	257
./AAR26729.1_89184.pdb	./PWK59923.1_164332.pdb	0.9304	0.9166	1.58	0.581	0.573	0.598	258	262	251
./AAR26729.1_89184.pdb	./SFT42131.1_86102.pdb	0.7352	0.6980	4.16	0.260	0.244	0.262	258	275	256
./AAR26729.1_89184.pdb	./SFO95990.1_441119.pdb	0.9566	0.9155	1.42	0.702	0.670	0.702	258	270	258
./AAR26729.1_89184.pdb	./PLL14822.1_2067452.pdb	0.9254	0.9324	1.72	0.539	0.543	0.549	258	256	253
./AAR26729.1_89184.pdb	./SHL47875.1_1220495.pdb	0.9303	0.8872	1.54	0.426	0.406	0.437	258	271	252
./AAR26729.1_89184.pdb	./OJH06953.1_59754.pdb	0.9359	0.8559	1.59	0.469	0.428	0.476	258	283	254
./AAR26729.1_89184.pdb	./SEK03315.1_1227549.pdb	0.8714	0.8135	2.55	0.419	0.388	0.425	258	278	254
./AAR26729.1_89184.pdb	./GAC19058.1_493475.pdb	0.7700	0.7330	3.53	0.298	0.281	0.300	258	274	257
./AAR26729.1_89184.pdb	./SOH93878.1_1690039.pdb	0.9063	0.8998	2.02	0.453	0.450	0.461	258	260	254
./AAR26729.1_89184.pdb	./SNT24131.1_1031541.pdb	0.9594	0.9111	1.14	0.605	0.574	0.612	258	272	255
./AAR26729.1_89184.pdb	./SFG37766.1_1045558.pdb	0.7221	0.6906	4.07	0.279	0.264	0.281	258	273	256
./AAR26729.1_89184.pdb	./SDW16544.1_574349.pdb	0.7225	0.6910	4.06	0.275	0.260	0.276	258	273	257
./AAR26729.1_89184.pdb	./VXD21355.1_2653151.pdb	0.9105	0.8509	2.10	0.399	0.372	0.406	258	277	254
./AAR26729.1_89184.pdb	./KIC15956.1_1577897.pdb	0.8695	0.7961	2.54	0.411	0.373	0.417	258	284	254
./AAR26729.1_89184.pdb	./SMC54078.1_1387277.pdb	0.9439	0.9368	1.50	0.570	0.565	0.579	258	260	254
./AAR26729.1_89184.pdb	./PTX58044.1_1510457.pdb	0.9805	0.9805	0.54	0.686	0.686	0.694	258	258	255
./AAR26729.1_89184.pdb	./SFC06212.1_928856.pdb	0.9430	0.9122	1.48	0.609	0.588	0.618	258	267	254
./AAR26729.1_89184.pdb	./SFG23058.1_218673.pdb	0.9563	0.8055	1.44	0.663	0.555	0.663	258	308	258
./AAR26729.1_89184.pdb	./SIS72868.1_619304.pdb	0.7304	0.7129	3.88	0.275	0.267	0.281	258	266	253
./AAR26729.1_89184.pdb	./SES29251.1_1601833.pdb	0.8690	0.8362	2.22	0.298	0.286	0.308	258	269	250
./AAR26729.1_89184.pdb	./SDJ54314.1_128104.pdb	0.8959	0.8959	1.99	0.353	0.353	0.360	258	258	253
./AAR26729.1_89184.pdb	./SCG49063.1_47857.pdb	0.7336	0.6350	3.67	0.283	0.239	0.307	258	305	238
./AAR26729.1_89184.pdb	./OSP53665.1_1933035.pdb	0.9906	0.9434	0.65	0.674	0.642	0.674	258	271	258
./AAR26729.1_89184.pdb	./ROR72068.1_56055.pdb	0.9204	0.7721	1.89	0.422	0.352	0.429	258	310	254
./AAR26729.1_89184.pdb	./PMR57544.1_2069341.pdb	0.7618	0.6275	3.49	0.264	0.211	0.280	258	322	243
./AAR26729.1_89184.pdb	./PWE35917.1_2175247.pdb	0.9929	0.9491	0.52	0.678	0.648	0.678	258	270	258
./AAR26729.1_89184.pdb	./EAS49396.1_287752.pdb	0.9231	0.9096	1.84	0.473	0.466	0.480	258	262	254
./AAR26729.1_89184.pdb	./SDB47424.1_665467.pdb	0.9020	0.8521	2.23	0.488	0.460	0.496	258	274	254
./AAR26729.1_89184.pdb	./PRY93042.1_595589.pdb	0.9808	0.9277	0.98	0.640	0.604	0.640	258	273	258
./AAR26729.1_89184.pdb	./RKR85861.1_589240.pdb	0.7745	0.6355	3.37	0.298	0.238	0.316	258	323	244
./AAR26729.1_89184.pdb	./SEK57168.1_573024.pdb	0.9735	0.9590	1.01	0.698	0.687	0.698	258	262	258
./AAR26729.1_89184.pdb	./PKW16974.1_60894.pdb	0.9341	0.8947	1.61	0.465	0.444	0.467	258	270	257
./AAR26729.1_89184.pdb	./OUX99699.1_1986776.pdb	0.9035	0.8169	2.06	0.360	0.324	0.368	258	287	253
./AAR26729.1_89184.pdb	./TCP27511.1_35804.pdb	0.9870	0.9133	0.88	0.725	0.670	0.725	258	279	258
./AAR26729.1_89184.pdb	./SDI10983.1_555512.pdb	0.9780	0.9818	0.49	0.647	0.650	0.657	258	257	254
./AAR26729.1_89184.pdb	./SFK69891.1_45496.pdb	0.7071	0.6824	4.19	0.287	0.274	0.291	258	270	254
./AAR26729.1_89184.pdb	./SEJ38786.1_1227549.pdb	0.9496	0.9354	1.36	0.620	0.611	0.630	258	262	254
./AAR26729.1_89184.pdb	./SFD62750.1_1123010.pdb	0.6909	0.6765	4.50	0.244	0.238	0.250	258	265	252
./AAR26729.1_89184.pdb	./PTX75738.1_83219.pdb	0.9706	0.9387	1.08	0.709	0.685	0.709	258	267	258
./AAR26729.1_89184.pdb	./KQL57928.1_444060.pdb	0.8648	0.8295	2.56	0.337	0.322	0.343	258	270	254
./AAR26729.1_89184.pdb	./SFT44992.1_416872.pdb	0.7389	0.6826	3.74	0.283	0.256	0.286	258	285	255
./AAR26729.1_89184.pdb	./RFA29830.1_351052.pdb	0.9450	0.8494	1.34	0.415	0.372	0.421	258	288	254
./AAR26729.1_89184.pdb	./SNT72701.1_184748.pdb	0.9368	0.8870	1.62	0.554	0.524	0.563	258	273	254
./AAR26729.1_89184.pdb	./SHI37668.1_570521.pdb	0.8152	0.6739	2.86	0.306	0.248	0.325	258	318	243
./AAR26729.1_89184.pdb	./ASM56253.1_28109.pdb	0.7280	0.7020	3.85	0.256	0.244	0.262	258	270	252
./AAR26729.1_89184.pdb	./SFG39349.1_315423.pdb	0.8788	0.8856	1.01	0.624	0.629	0.700	258	256	230
./AAR26729.1_89184.pdb	./PJM91594.1_2020325.pdb	0.7337	0.6005	3.51	0.260	0.206	0.280	258	326	239
./AAR26729.1_89184.pdb	./SFJ44826.1_1211807.pdb	0.9072	0.8390	2.21	0.438	0.404	0.447	258	280	253
./AAR26729.1_89184.pdb	./RBP49133.1_644221.pdb	0.8684	0.7774	2.31	0.314	0.278	0.323	258	291	251
./AAR26729.1_89184.pdb	./PIL19578.1_1206336.pdb	0.9807	0.9845	0.38	0.655	0.658	0.665	258	257	254
./AAR26729.1_89184.pdb	./KJS35820.1_1629710.pdb	0.8833	0.7847	2.42	0.360	0.317	0.366	258	293	254
./AAR26729.1_89184.pdb	./PYZ94401.1_2045207.pdb	0.8625	0.8246	2.42	0.357	0.339	0.365	258	271	252
./AAR26729.1_89184.pdb	./SNY59721.1_1323745.pdb	0.9404	0.8747	1.53	0.442	0.410	0.449	258	278	254
./AAR26729.1_89184.pdb	./KGL01431.1_1225651.pdb	0.9359	0.9053	1.55	0.562	0.543	0.573	258	267	253
./AAR26729.1_89184.pdb	./OWU75765.1_1679460.pdb	0.9370	0.9300	1.70	0.578	0.573	0.587	258	260	254
./AAR26729.1_89184.pdb	./BCE01703.1_2724896.pdb	0.6771	0.6343	4.58	0.267	0.246	0.273	258	281	253
./AAR26729.1_89184.pdb	./RZS50134.1_1333996.pdb	0.9008	0.8568	2.25	0.422	0.401	0.429	258	272	254
./AAR26729.1_89184.pdb	./ABV95226.1_398580.pdb	0.9590	0.9447	1.11	0.671	0.660	0.678	258	262	255
./AAR26729.1_89184.pdb	./PSJ54843.1_2116701.pdb	0.9326	0.9121	1.69	0.504	0.492	0.512	258	264	254
./AAR26729.1_89184.pdb	./BCD98513.1_2721545.pdb	0.7386	0.6880	3.90	0.306	0.280	0.307	258	282	257
./AAR26729.1_89184.pdb	./SFH68647.1_1114924.pdb	0.8922	0.8231	2.36	0.473	0.434	0.482	258	281	253
./AAR26729.1_89184.pdb	./SES44826.1_65499.pdb	0.9381	0.9141	1.46	0.450	0.438	0.458	258	265	253
./AAR26729.1_89184.pdb	./PIR38105.1_1973900.pdb	0.8991	0.8925	2.33	0.434	0.431	0.441	258	260	254
./AAR26729.1_89184.pdb	./KQI69998.1_1225657.pdb	0.9651	0.9508	1.17	0.671	0.660	0.671	258	262	258
./AAR26729.1_89184.pdb	./RLJ78270.1_485602.pdb	0.8602	0.8250	2.42	0.295	0.281	0.304	258	270	250
./AAR26729.1_89184.pdb	./PRY61899.1_1076443.pdb	0.6641	0.6683	4.25	0.221	0.223	0.246	258	256	232
./AAR26729.1_89184.pdb	./KQX94434.1_1736454.pdb	0.7262	0.6360	3.83	0.295	0.252	0.313	258	302	243
./AAR26729.1_89184.pdb	./SHK71271.1_1896211.pdb	0.8556	0.8496	2.44	0.291	0.288	0.300	258	260	250
./AAR26729.1_89184.pdb	./PSK98388.1_645275.pdb	0.9110	0.8142	1.94	0.372	0.330	0.374	258	291	257
./AAR26729.1_89184.pdb	./SFC42706.1_252514.pdb	0.8671	0.7993	2.40	0.368	0.337	0.375	258	282	253
./AAR26729.1_89184.pdb	./SIS32177.1_340021.pdb	0.9401	0.9508	1.56	0.570	0.576	0.579	258	255	254
./AAR26729.1_89184.pdb	./OYU52494.1_2015569.pdb	0.9365	0.9160	1.59	0.457	0.447	0.465	258	264	254
./AAR26729.1_89184.pdb	./REG02384.1_53367.pdb	0.7165	0.6324	3.74	0.279	0.241	0.304	258	299	237
./AAR26729.1_89184.pdb	./KAF0122346.1_2021379.pdb	0.8944	0.8624	2.71	0.407	0.392	0.413	258	268	254
./AAR26729.1_89184.pdb	./GKT12440.1_2039724.pdb	0.7002	0.6639	4.14	0.205	0.192	0.211	258	276	251
./AAR26729.1_89184.pdb	./SPL90667.1_1909395.pdb	0.8739	0.9040	1.60	0.407	0.422	0.439	258	249	239
./AAR26729.1_89184.pdb	./PUB17618.1_1286148.pdb	0.9741	0.9816	0.49	0.643	0.648	0.656	258	256	253
./AAR26729.1_89184.pdb	./SDU11343.1_1434072.pdb	0.8905	0.7947	2.33	0.438	0.388	0.448	258	291	252
./AAR26729.1_89184.pdb	./QAS52047.1_45668.pdb	0.8434	0.8525	2.67	0.368	0.373	0.382	258	255	249
./AAR26729.1_89184.pdb	./PTX02982.1_404875.pdb	0.9547	0.9583	1.11	0.636	0.638	0.646	258	257	254
./AAR26729.1_89184.pdb	./SFX29222.1_1122209.pdb	0.7682	0.7206	3.60	0.302	0.280	0.302	258	279	258
./AAR26729.1_89184.pdb	./PSL53521.1_1280637.pdb	0.9203	0.8940	1.80	0.376	0.365	0.382	258	266	254
./AAR26729.1_89184.pdb	./ROO89031.1_58109.pdb	0.8985	0.8541	1.68	0.469	0.445	0.492	258	272	246
./AAR26729.1_89184.pdb	./PYE34503.1_263723.pdb	0.7172	0.6701	4.20	0.310	0.285	0.311	258	281	257
./AAR26729.1_89184.pdb	./TDY68169.1_1188254.pdb	0.9744	0.9492	1.09	0.690	0.672	0.690	258	265	258
./AAR26729.1_89184.pdb	./TDP01248.1_491947.pdb	0.6956	0.6643	4.06	0.140	0.132	0.150	258	273	240
./AAR26729.1_89184.pdb	./PZF98066.1_515350.pdb	0.7695	0.6193	3.37	0.279	0.218	0.298	258	330	242
./AAR26729.1_89184.pdb	./CCF20405.1_1125847.pdb	0.9187	0.8735	1.95	0.457	0.434	0.465	258	272	254
./AAR26729.1_89184.pdb	./OQY45316.1_1972449.pdb	0.9048	0.8371	2.25	0.453	0.418	0.461	258	280	254
./AAR26729.1_89184.pdb	./PTL40440.1_200989.pdb	0.8631	0.8309	2.54	0.353	0.338	0.360	258	269	253
./AAR26729.1_89184.pdb	./SFF84143.1_282197.pdb	0.9547	0.9547	1.09	0.678	0.678	0.689	258	258	254
./AAR26729.1_89184.pdb	./EAU46768.1_314265.pdb	0.9746	0.9859	0.61	0.651	0.659	0.661	258	255	254
./AAR26729.1_89184.pdb	./AXI40745.1_1389004.pdb	0.9942	0.9609	0.46	0.698	0.674	0.698	258	267	258
./AAR26729.1_89184.pdb	./EAQ46312.1_314262.pdb	0.9457	0.9015	1.43	0.601	0.572	0.610	258	271	254
./AAR26729.1_89184.pdb	./SET53404.1_930131.pdb	0.9180	0.8953	2.00	0.403	0.392	0.403	258	265	258
./AAR26729.1_89184.pdb	./PCH81874.1_1909294.pdb	0.9254	0.9020	1.78	0.488	0.475	0.496	258	265	254
./AAR26729.1_89184.pdb	./TWF95241.1_1181886.pdb	0.9493	0.9252	1.38	0.473	0.460	0.475	258	265	257
